,lon,lat,alt,L,B,MLT,losscone1,losscone2,pitch,SAA,att,counts,event_id,Beq
1998-05-11 10:23:50.720,-85.556,-56.079,692.983,2.085,0.291,5.134,58.904,58.904,89.68,0,0,296.0,0,0.0332
1998-05-11 10:23:51.220,-85.544,-56.108,693.0,2.086,0.291,5.135,58.904,58.904,89.693,0,1,488.0,0,0.0331
1998-05-11 10:23:51.480,-85.537,-56.124,693.009,2.087,0.291,5.135,58.903,58.903,89.679,0,1,528.0,0,0.033
1998-05-11 10:23:51.720,-85.531,-56.138,693.017,2.088,0.291,5.136,58.903,58.903,89.666,0,1,392.0,0,0.033
1998-05-11 10:23:52.200,-85.52,-56.166,693.034,2.09,0.291,5.137,58.903,58.903,89.641,0,1,328.0,0,0.0329
1998-09-01 20:51:55.020,46.355,-38.496,606.724,2.299,0.272,23.23,64.488,64.488,103.687,0,1,1312.0,1,0.0255
1998-09-01 20:51:55.520,46.36,-38.465,606.667,2.297,0.272,23.231,64.49,64.49,103.647,0,1,1248.0,1,0.0255
1998-09-01 20:51:56.300,46.368,-38.418,606.579,2.294,0.272,23.234,64.494,64.494,103.585,0,1,1184.0,1,0.0257
1998-10-03 18:30:45.740,18.056,-31.214,525.09,1.855,0.225,19.338,69.391,69.391,88.029,1,0,880.0,2,0.0483
1998-10-03 18:30:45.940,18.057,-31.202,525.091,1.855,0.225,19.339,69.389,69.389,88.046,1,0,848.0,2,0.0484
1998-10-03 18:30:46.120,18.059,-31.191,525.091,1.854,0.225,19.339,69.386,69.386,88.042,1,0,816.0,2,0.0484
1998-10-06 05:32:02.120,39.189,-37.238,592.956,2.187,0.252,7.6,66.106,66.106,88.552,1,0,624.0,3,0.0296
1998-10-06 05:32:02.440,39.192,-37.258,592.936,2.188,0.252,7.599,66.105,66.105,88.581,1,0,656.0,3,0.0295
1998-10-06 05:32:02.760,39.196,-37.277,592.917,2.189,0.252,7.599,66.103,66.103,88.61,1,0,720.0,3,0.0295
1998-10-13 04:46:42.840,35.188,-32.296,567.1,1.91,0.241,6.753,67.667,67.667,88.215,1,0,156.0,4,0.0442
1998-10-16 10:03:44.420,-45.476,-51.181,543.656,1.933,0.235,6.953,64.996,64.996,88.523,1,0,2112.0,5,0.0428
1998-10-20 10:34:50.560,-59.485,-55.86,534.511,2.039,0.266,6.925,63.799,63.799,88.34,0,0,360.0,6,0.036
1998-11-12 06:58:26.160,-53.364,-53.031,562.052,1.943,0.245,3.615,63.676,63.676,89.565,1,0,440.0,7,0.0417
1998-11-12 06:58:26.620,-53.354,-53.059,562.096,1.945,0.245,3.616,63.673,63.673,89.602,1,0,504.0,7,0.0416
1998-11-12 06:58:26.840,-53.349,-53.073,562.116,1.945,0.245,3.616,63.671,63.671,89.619,1,0,528.0,7,0.0416
1998-11-12 06:58:27.300,-53.34,-53.101,562.16,1.947,0.246,3.616,63.667,63.667,89.655,1,0,440.0,7,0.0415
1998-11-12 06:58:27.700,-53.331,-53.125,562.198,1.948,0.246,3.617,63.664,63.664,89.687,1,0,328.0,7,0.0414
1998-11-19 23:50:39.560,33.264,-38.371,567.755,2.233,0.242,1.249,67.638,67.638,58.809,1,1,720.0,8,0.0278
1998-11-19 23:50:40.080,33.27,-38.403,567.809,2.235,0.242,1.248,67.633,67.633,58.774,1,1,784.0,8,0.0278
1998-11-19 23:50:40.320,33.272,-38.418,567.834,2.235,0.242,1.248,67.63,67.63,58.759,1,1,752.0,8,0.0277
1998-11-19 23:50:40.880,33.278,-38.452,567.893,2.237,0.242,1.248,67.624,67.624,58.722,1,1,784.0,8,0.0277
1998-11-19 23:50:41.140,33.281,-38.468,567.92,2.238,0.242,1.247,67.621,67.621,58.705,1,1,816.0,8,0.0276
1998-11-24 22:50:32.260,37.969,-37.528,587.482,2.2,0.25,0.542,66.429,66.429,78.556,1,1,236.0,9,0.0291
1998-11-30 21:56:53.680,38.519,-34.563,609.037,2.04,0.246,23.754,66.022,66.022,93.141,1,0,848.0,10,0.0366
1998-11-30 21:56:53.840,38.52,-34.573,609.055,2.04,0.246,23.753,66.021,66.021,93.143,1,0,752.0,10,0.0366
1998-11-30 21:56:53.940,38.521,-34.579,609.066,2.041,0.246,23.753,66.02,66.02,93.144,1,0,784.0,10,0.0366
1998-11-30 21:56:54.180,38.523,-34.594,609.093,2.042,0.246,23.753,66.019,66.019,93.147,1,0,720.0,10,0.0365
1998-12-20 19:31:02.260,34.401,-34.98,675.923,2.066,0.233,21.003,65.243,65.243,95.254,1,0,2880.0,11,0.0349
1998-12-20 19:31:02.520,34.403,-34.996,675.936,2.067,0.233,21.003,65.242,65.242,95.24,1,0,2880.0,11,0.0349
1998-12-20 19:31:02.760,34.406,-35.01,675.949,2.068,0.233,21.003,65.24,65.24,95.227,1,0,2880.0,11,0.0349
1998-12-20 19:31:03.000,34.408,-35.024,675.961,2.068,0.233,21.003,65.239,65.239,95.215,1,0,2624.0,11,0.0348
1998-12-25 18:28:50.460,38.881,-30.488,677.61,1.846,0.239,20.398,64.48,64.48,91.935,1,0,3136.0,12,0.0489
1998-12-25 18:28:51.340,38.887,-30.54,677.64,1.848,0.239,20.397,64.479,64.479,91.999,1,0,3520.0,12,0.0488
1998-12-25 18:28:51.740,38.89,-30.564,677.653,1.849,0.239,20.397,64.478,64.478,92.028,1,0,3520.0,12,0.0487
1999-01-06 16:41:06.320,41.941,-33.02,664.041,1.97,0.248,18.742,64.165,64.165,91.939,1,0,204.0,13,0.0405
1999-01-06 16:41:06.560,41.943,-33.035,664.035,1.971,0.248,18.742,64.164,64.164,91.921,1,0,228.0,13,0.0404
1999-01-15 08:31:41.720,-47.887,-46.836,529.38,1.735,0.222,5.064,65.786,65.786,85.689,1,0,3776.0,14,0.0592
1999-01-16 08:37:03.800,-53.4,-52.733,533.013,1.925,0.246,4.918,64.504,64.504,84.017,1,0,656.0,15,0.0432
1999-01-16 08:37:04.260,-53.391,-52.704,532.988,1.924,0.246,4.918,64.509,64.509,83.946,1,0,1056.0,15,0.0433
1999-01-16 08:37:04.440,-53.387,-52.693,532.978,1.923,0.246,4.918,64.511,64.511,83.931,1,0,1312.0,15,0.0433
1999-01-16 08:37:04.660,-53.382,-52.68,532.967,1.923,0.246,4.918,64.513,64.513,83.913,1,0,1312.0,15,0.0433
1999-01-16 08:37:04.880,-53.378,-52.666,532.955,1.922,0.246,4.919,64.515,64.515,83.895,1,0,1120.0,15,0.0434
1999-02-01 00:54:24.900,35.911,-32.75,549.554,1.93,0.244,2.224,67.969,67.969,91.642,1,0,312.0,16,0.043
1999-02-02 01:00:20.880,31.594,-36.345,550.656,2.112,0.238,1.942,68.486,68.486,91.524,1,0,1376.0,17,0.0329
1999-02-18 05:58:08.760,-81.229,-53.502,602.544,1.896,0.281,0.844,61.228,61.228,118.529,0,1,312.0,18,0.0442
1999-02-18 05:58:08.800,-81.228,-53.5,602.547,1.896,0.281,0.844,61.228,61.228,118.515,0,1,424.0,18,0.0442
1999-02-18 05:58:09.020,-81.223,-53.487,602.56,1.895,0.281,0.844,61.228,61.228,118.439,0,1,376.0,18,0.0442
1999-02-18 05:58:10.860,-81.184,-53.376,602.674,1.89,0.281,0.845,61.227,61.227,117.8,0,1,196.0,18,0.0446
1999-02-18 05:58:11.100,-81.179,-53.361,602.689,1.89,0.281,0.846,61.227,61.227,117.717,0,1,264.0,18,0.0447
1999-03-02 02:31:01.960,-51.444,-47.397,657.073,1.752,0.216,22.496,62.161,62.161,78.974,1,1,2752.0,19,0.0571
1999-03-16 00:49:01.940,-56.447,-52.889,684.315,1.95,0.237,20.691,60.446,60.446,82.771,1,0,1056.0,20,0.0411
1999-03-29 16:46:25.120,41.676,-34.383,641.636,2.035,0.251,18.776,64.669,64.669,88.893,1,0,328.0,21,0.0366
1999-03-30 18:28:16.160,13.215,-37.955,642.997,2.148,0.213,18.575,67.456,67.456,88.004,1,0,1008.0,22,0.0313
1999-03-30 18:28:16.420,13.218,-37.94,642.972,2.148,0.213,18.576,67.456,67.456,87.988,1,0,912.0,22,0.0313
1999-08-30 20:50:08.560,25.087,-34.802,523.753,2.021,0.23,21.964,69.878,69.878,76.915,1,0,106.0,23,0.0376
1999-08-30 20:50:08.820,25.089,-34.786,523.754,2.02,0.23,21.965,69.877,69.877,76.9,1,0,118.0,23,0.0376
1999-08-30 20:50:09.060,25.092,-34.771,523.755,2.019,0.23,21.966,69.876,69.876,76.886,1,0,148.0,23,0.0376
1999-08-30 20:50:09.300,25.094,-34.756,523.756,2.018,0.23,21.966,69.876,69.876,76.872,1,0,140.0,23,0.0377
1999-08-30 20:50:09.540,25.096,-34.741,523.758,2.017,0.23,21.967,69.875,69.875,76.858,1,0,102.0,23,0.0377
1999-09-29 21:47:54.700,-56.748,-54.189,616.495,1.998,0.248,18.006,61.935,61.935,86.989,1,0,424.0,24,0.0384
1999-09-29 21:47:55.160,-56.737,-54.161,616.522,1.997,0.248,18.006,61.938,61.938,86.944,1,0,592.0,24,0.0385
1999-09-29 21:47:55.600,-56.728,-54.135,616.548,1.996,0.248,18.007,61.941,61.941,86.902,1,0,504.0,24,0.0386
1999-09-29 21:47:55.820,-56.723,-54.122,616.561,1.995,0.248,18.007,61.942,61.942,86.881,1,0,488.0,24,0.0386
1999-09-29 21:47:56.040,-56.718,-54.108,616.574,1.995,0.248,18.007,61.943,61.943,86.86,1,0,424.0,24,0.0386
1999-10-01 10:25:26.260,-45.591,-54.736,540.79,2.108,0.248,7.164,64.6,64.6,88.214,1,0,2368.0,25,0.0328
1999-10-01 10:25:26.780,-45.579,-54.768,540.828,2.11,0.249,7.165,64.596,64.596,88.164,1,0,2624.0,25,0.0327
1999-10-01 10:25:27.040,-45.573,-54.784,540.847,2.111,0.249,7.165,64.594,64.594,88.139,1,0,2496.0,25,0.0327
1999-10-05 04:15:42.840,33.222,-35.519,527.588,2.065,0.242,5.955,68.85,68.85,88.448,1,0,296.0,26,0.0351
1999-10-05 04:15:43.100,33.225,-35.535,527.606,2.066,0.242,5.955,68.848,68.848,88.428,1,0,344.0,26,0.0351
1999-10-11 11:17:30.380,-79.122,-54.83,575.364,1.957,0.286,6.74,61.984,61.984,87.953,0,0,228.0,27,0.0403
1999-10-11 11:17:30.800,-79.112,-54.855,575.407,1.959,0.286,6.741,61.983,61.983,87.982,0,0,328.0,27,0.0402
1999-10-11 11:17:31.340,-79.099,-54.888,575.462,1.96,0.286,6.742,61.981,61.981,88.02,0,0,360.0,27,0.0401
1999-10-11 11:17:31.580,-79.094,-54.902,575.486,1.961,0.286,6.743,61.98,61.98,88.036,0,0,440.0,27,0.0401
1999-10-11 11:17:31.820,-79.088,-54.917,575.51,1.962,0.286,6.743,61.98,61.98,88.053,0,0,408.0,27,0.04
1999-10-11 11:17:32.040,-79.083,-54.93,575.533,1.963,0.286,6.744,61.979,61.979,88.068,0,0,344.0,27,0.04
1999-10-21 08:56:04.120,-64.482,-53.842,616.221,1.934,0.255,5.082,61.516,61.516,87.616,0,0,560.0,28,0.042
1999-10-21 08:56:04.360,-64.477,-53.857,616.246,1.935,0.255,5.082,61.515,61.515,87.594,0,0,528.0,28,0.042
1999-10-21 08:56:30.160,-63.894,-55.402,618.95,2.022,0.261,5.122,61.377,61.377,87.93,0,0,816.0,29,0.0368
1999-10-21 08:56:30.420,-63.887,-55.418,618.977,2.023,0.261,5.123,61.376,61.376,87.906,0,0,912.0,29,0.0368
1999-10-21 08:56:30.660,-63.882,-55.432,619.002,2.024,0.261,5.123,61.375,61.375,87.885,0,0,912.0,29,0.0367
1999-10-27 07:50:14.340,-60.36,-53.517,640.021,1.948,0.247,4.174,61.19,61.19,88.77,1,0,560.0,30,0.0414
1999-10-27 07:50:14.580,-60.355,-53.532,640.044,1.949,0.247,4.174,61.189,61.189,88.749,1,0,784.0,30,0.0413
1999-10-27 07:50:15.140,-60.343,-53.565,640.097,1.951,0.247,4.175,61.185,61.185,88.702,1,0,560.0,30,0.0412
1999-10-27 07:50:16.600,-60.312,-53.652,640.237,1.956,0.247,4.177,61.177,61.177,88.578,1,0,560.0,30,0.0409
1999-11-08 23:11:59.380,37.702,-34.686,653.722,2.049,0.241,1.077,65.12,65.12,70.461,1,1,188.0,31,0.0358
1999-11-08 23:13:00.240,38.282,-38.344,658.226,2.268,0.246,1.013,64.628,64.628,71.536,1,1,114.0,32,0.0265
1999-11-08 23:13:00.560,38.285,-38.363,658.249,2.269,0.246,1.012,64.625,64.625,71.526,1,1,126.0,32,0.0265
1999-11-08 23:13:00.860,38.288,-38.381,658.27,2.27,0.246,1.012,64.622,64.622,71.517,1,1,114.0,32,0.0264
1999-11-08 23:13:01.140,38.291,-38.398,658.291,2.271,0.246,1.012,64.619,64.619,71.509,1,1,118.0,32,0.0264
1999-11-11 05:51:51.440,-61.948,-51.988,675.099,1.875,0.239,2.073,60.377,60.377,91.983,1,0,3392.0,33,0.0463
1999-11-11 05:51:52.160,-61.934,-52.031,675.129,1.877,0.239,2.074,60.373,60.373,92.122,1,0,3776.0,33,0.0462
1999-12-10 19:10:24.020,32.414,-32.517,621.688,1.936,0.232,20.704,66.803,66.803,88.515,1,0,312.0,34,0.0427
1999-12-11 06:55:20.620,24.984,-29.868,514.254,1.801,0.231,8.391,69.624,69.624,87.33,1,0,504.0,35,0.0526
1999-12-11 06:55:20.820,24.986,-29.855,514.25,1.8,0.231,8.392,69.622,69.622,87.341,1,0,560.0,35,0.0526
1999-12-11 06:55:21.020,24.987,-29.843,514.246,1.8,0.231,8.392,69.62,69.62,87.35,1,0,528.0,35,0.0527
1999-12-11 11:36:34.140,-54.57,-58.215,532.527,2.222,0.272,8.161,63.937,63.937,111.421,0,0,118.0,36,0.0278
1999-12-11 11:36:34.420,-54.562,-58.198,532.511,2.221,0.272,8.162,63.939,63.939,111.239,0,0,148.0,36,0.0278
1999-12-11 11:36:34.720,-54.554,-58.179,532.494,2.22,0.272,8.162,63.942,63.942,111.044,0,0,180.0,36,0.0279
2000-01-13 05:51:13.400,-31.109,-48.057,599.376,2.006,0.217,3.027,65.209,65.209,67.79,1,100,3776.0,37,0.0381
2000-01-13 05:51:14.160,-31.097,-48.011,599.419,2.004,0.217,3.028,65.215,65.215,64.262,1,100,3648.0,37,0.0382
2000-01-13 05:51:51.060,-30.539,-45.771,601.478,1.927,0.212,3.083,65.468,65.468,138.911,1,100,1824.0,38,0.0432
2000-01-17 01:21:33.520,31.911,-35.316,625.803,2.072,0.232,2.377,66.734,66.734,101.017,1,100,528.0,39,0.0347
2000-01-17 01:21:33.760,31.913,-35.302,625.814,2.071,0.232,2.378,66.734,66.734,102.097,1,100,528.0,39,0.0348
2000-01-17 01:21:34.040,31.916,-35.285,625.827,2.07,0.232,2.378,66.734,66.734,103.357,1,100,624.0,39,0.0348
2000-01-17 01:21:34.260,31.918,-35.272,625.837,2.07,0.232,2.379,66.734,66.734,104.347,1,100,656.0,39,0.0348
2000-01-17 01:21:34.520,31.92,-35.256,625.849,2.069,0.232,2.38,66.734,66.734,105.517,1,100,592.0,39,0.0349
2000-01-17 01:21:34.740,31.922,-35.242,625.859,2.068,0.232,2.38,66.735,66.735,106.507,1,100,560.0,39,0.0349
2000-01-17 01:21:35.000,31.925,-35.227,625.871,2.067,0.232,2.381,66.735,66.735,107.677,1,100,528.0,39,0.034
2000-04-07 03:35:39.360,21.567,-23.126,586.573,1.57,0.228,4.625,66.268,66.268,88.738,1,0,312.0,40,0.0782
2000-04-07 03:35:39.500,21.568,-23.134,586.565,1.571,0.228,4.625,66.271,66.271,88.746,1,0,376.0,40,0.0782
2000-04-18 09:00:28.460,-72.971,-57.504,527.95,2.094,0.293,4.363,63.405,63.405,87.536,0,0,880.0,41,0.0328
2000-04-18 09:00:28.720,-72.964,-57.52,527.948,2.095,0.293,4.363,63.405,63.405,87.55,0,0,880.0,41,0.0328
2000-04-18 09:00:28.980,-72.957,-57.536,527.946,2.096,0.293,4.364,63.405,63.405,87.565,0,0,944.0,41,0.0327
2000-04-18 09:00:29.260,-72.949,-57.553,527.944,2.097,0.293,4.365,63.404,63.404,87.58,0,0,1184.0,41,0.0327
2000-04-18 09:00:29.540,-72.942,-57.57,527.942,2.098,0.293,4.365,63.404,63.404,87.596,0,0,1248.0,41,0.0326
2000-04-18 09:00:30.040,-72.928,-57.601,527.939,2.1,0.293,4.366,63.404,63.404,87.624,0,0,1248.0,41,0.0325
2000-04-18 09:00:30.320,-72.92,-57.618,527.937,2.101,0.293,4.367,63.404,63.404,87.639,0,0,1248.0,41,0.0325
2000-04-27 07:44:24.520,-72.921,-56.343,522.149,2.024,0.288,3.12,63.603,63.603,89.44,0,0,344.0,42,0.0365
2000-05-31 19:57:35.040,26.196,-35.504,593.679,2.068,0.226,21.322,68.174,68.174,91.816,1,0,1312.0,43,0.035
2000-05-31 19:57:35.560,26.201,-35.536,593.733,2.069,0.226,21.322,68.172,68.172,91.779,1,0,1440.0,43,0.0349
2000-05-31 19:57:35.820,26.204,-35.552,593.759,2.07,0.226,21.322,68.171,68.171,91.761,1,0,1312.0,43,0.0348
2000-06-08 18:32:36.820,29.701,-28.552,613.367,1.757,0.229,20.214,66.973,66.973,91.374,1,0,220.0,44,0.0563
2000-06-14 04:47:31.740,33.591,-38.368,609.857,2.247,0.239,6.236,66.552,66.552,92.559,1,0,122.0,45,0.0274
2000-07-18 00:46:27.860,25.401,-33.576,510.393,1.96,0.23,1.944,70.153,70.153,83.409,1,1,720.0,46,0.041
2000-07-18 00:46:28.560,25.407,-33.532,510.379,1.958,0.23,1.946,70.15,70.15,83.377,1,1,848.0,46,0.0411
2000-07-18 00:46:28.780,25.409,-33.518,510.375,1.957,0.23,1.947,70.149,70.149,83.367,1,1,912.0,46,0.0411
2000-07-25 07:36:56.680,-80.562,35.732,582.842,2.386,0.394,2.222,61.786,74.722,119.09,0,0,360.0,47,0.022
2000-07-25 07:36:57.280,-80.556,35.768,582.895,2.388,0.394,2.223,61.787,74.706,118.567,0,0,376.0,47,0.0219
2000-07-25 07:36:57.620,-80.553,35.789,582.925,2.39,0.394,2.223,61.788,74.696,118.271,0,0,392.0,47,0.0219
2000-07-25 07:36:57.980,-80.55,35.811,582.956,2.392,0.394,2.224,61.788,74.687,117.957,0,0,392.0,47,0.0218
2000-07-27 07:38:22.480,-85.545,33.36,587.377,2.187,0.386,1.806,61.491,71.865,126.979,0,1,504.0,48,0.0283
2000-07-27 07:38:25.060,-85.518,33.549,587.642,2.204,0.387,1.809,61.497,71.809,127.188,0,1,688.0,48,0.0278
2000-07-27 07:38:37.640,-85.411,34.283,588.668,2.261,0.39,1.82,61.52,71.6,127.897,0,1,944.0,49,0.0258
2000-07-27 07:38:38.220,-85.407,34.313,588.711,2.264,0.39,1.82,61.521,71.592,127.925,0,1,976.0,49,0.0257
2000-07-27 07:38:38.520,-85.405,34.329,588.733,2.266,0.39,1.821,61.522,71.587,127.939,0,1,1008.0,49,0.0257
2000-07-27 07:38:38.820,-85.402,34.345,588.755,2.267,0.39,1.821,61.522,71.583,127.954,0,1,944.0,49,0.0256
2000-08-18 18:48:59.080,47.759,-41.008,597.373,2.492,0.281,21.107,64.34,64.34,83.469,0,0,1312.0,50,0.02
2000-08-18 18:48:59.940,47.769,-40.956,597.415,2.487,0.281,21.11,64.34,64.34,83.511,0,0,1376.0,50,0.0201
2000-08-18 18:49:00.520,47.776,-40.92,597.443,2.484,0.281,21.112,64.34,64.34,83.539,0,0,1312.0,50,0.0201
2000-08-18 18:49:01.820,47.791,-40.841,597.506,2.476,0.281,21.116,64.341,64.341,83.603,0,0,1440.0,50,0.0203
2000-08-18 18:49:02.120,47.794,-40.823,597.521,2.475,0.281,21.117,64.341,64.341,83.617,0,0,1440.0,50,0.0203
2000-08-18 18:49:02.420,47.798,-40.804,597.536,2.473,0.281,21.118,64.341,64.341,83.632,0,0,1376.0,50,0.0203
2000-08-18 18:49:51.000,48.325,-37.842,599.884,2.258,0.277,21.272,64.34,64.34,85.065,0,0,172.0,51,0.0259
2000-08-18 18:49:51.400,48.329,-37.818,599.903,2.257,0.277,21.273,64.339,64.339,85.082,0,0,220.0,51,0.0268
2000-08-22 03:11:49.980,-71.619,35.044,639.082,2.306,0.373,22.816,60.314,84.714,115.656,0,1,122.0,52,0.0246
2000-08-26 07:13:51.780,39.291,-35.0,515.271,2.039,0.255,9.07,68.129,68.129,89.178,1,0,1248.0,53,0.0364
2000-08-26 07:13:52.040,39.293,-35.016,515.286,2.04,0.255,9.069,68.128,68.128,89.194,1,0,1760.0,53,0.0363
2000-08-26 07:13:52.260,39.295,-35.03,515.299,2.041,0.255,9.069,68.126,68.126,89.207,1,0,1504.0,53,0.0363
2000-08-26 07:13:52.500,39.297,-35.045,515.313,2.042,0.255,9.069,68.125,68.125,89.222,1,0,624.0,53,0.0363
2000-08-26 07:13:52.980,39.302,-35.075,515.341,2.043,0.255,9.068,68.121,68.121,89.251,1,0,504.0,53,0.0362
2000-08-26 07:13:53.200,39.304,-35.089,515.353,2.044,0.255,9.068,68.12,68.12,89.264,1,0,976.0,53,0.0361
2000-08-26 07:13:53.420,39.306,-35.102,515.366,2.045,0.255,9.068,68.119,68.119,89.278,1,0,688.0,53,0.0361
2000-08-26 07:13:53.640,39.308,-35.116,515.379,2.045,0.255,9.068,68.117,68.117,89.291,1,0,656.0,53,0.0361
2000-08-26 07:13:53.880,39.311,-35.131,515.393,2.046,0.256,9.067,68.115,68.115,89.306,1,0,408.0,53,0.036
2000-08-30 01:15:42.240,-76.356,-53.875,629.063,1.923,0.271,20.565,60.695,60.695,111.423,0,0,1568.0,54,0.0426
2000-09-06 17:25:11.800,31.673,-32.704,648.224,1.945,0.229,18.979,66.317,66.317,87.359,1,0,1888.0,55,0.0418
2000-09-10 22:08:19.780,-55.176,-56.587,655.33,2.164,0.253,18.393,60.879,60.879,89.322,0,0,976.0,56,0.0302
2000-09-10 22:08:38.820,-54.714,-55.462,655.313,2.098,0.248,18.412,61.01,61.01,84.818,1,0,2112.0,57,0.0331
2000-09-10 22:08:39.320,-54.703,-55.433,655.312,2.096,0.248,18.413,61.014,61.014,84.772,1,0,2112.0,57,0.0331
2000-09-13 05:44:08.380,23.617,-29.077,561.02,1.779,0.226,6.879,68.395,68.395,88.124,1,0,2240.0,58,0.0546
2000-09-13 05:44:09.820,23.628,-29.166,561.164,1.783,0.226,6.878,68.409,68.409,88.138,1,0,2880.0,58,0.0543
2000-09-15 04:09:40.120,43.871,-32.164,573.728,1.905,0.26,6.521,65.889,65.889,87.332,1,0,164.0,59,0.0446
2000-09-15 04:09:41.220,43.88,-32.232,573.84,1.908,0.26,6.52,65.884,65.884,87.41,1,0,164.0,59,0.0443
2000-09-15 04:09:41.640,43.883,-32.257,573.883,1.909,0.26,6.519,65.882,65.882,87.432,1,0,172.0,59,0.0442
2000-09-15 04:09:41.840,43.885,-32.27,573.904,1.91,0.26,6.519,65.881,65.881,87.443,1,0,172.0,59,0.0442
2000-09-15 04:09:42.060,43.887,-32.283,573.926,1.91,0.26,6.519,65.879,65.879,87.454,1,0,164.0,59,0.0441
2000-09-17 15:53:48.620,32.212,-31.798,637.818,1.902,0.23,17.535,66.452,66.452,87.168,1,0,1952.0,60,0.0448
2000-09-21 04:12:42.580,31.554,-35.854,603.604,2.097,0.233,5.721,67.255,67.255,87.876,1,0,1248.0,61,0.0336
2000-09-21 04:12:42.840,31.557,-35.87,603.629,2.097,0.233,5.721,67.253,67.253,87.856,1,0,1248.0,61,0.0335
2000-09-21 04:12:43.120,31.559,-35.887,603.656,2.098,0.233,5.721,67.251,67.251,87.836,1,0,1376.0,61,0.0335
2000-09-21 04:12:43.360,31.561,-35.901,603.68,2.099,0.233,5.721,67.249,67.249,87.818,1,0,1440.0,61,0.0335
2000-09-21 04:12:43.600,31.564,-35.916,603.703,2.1,0.233,5.72,67.247,67.247,87.8,1,0,1376.0,61,0.0334
2000-09-21 04:12:43.860,31.566,-35.932,603.728,2.101,0.233,5.72,67.245,67.245,87.781,1,0,1312.0,61,0.0334
2000-09-21 04:12:44.320,31.571,-35.96,603.773,2.102,0.233,5.72,67.242,67.242,87.747,1,0,1184.0,61,0.0333
2000-09-22 12:18:10.980,-86.97,-54.068,635.296,1.958,0.29,7.205,60.287,60.287,87.762,0,0,6272.0,62,0.04
2000-09-22 12:18:11.000,-86.97,-54.07,635.298,1.959,0.29,7.205,60.287,60.287,87.76,0,0,6528.0,62,0.04
2000-09-22 12:18:11.200,-86.965,-54.082,635.313,1.959,0.29,7.206,60.287,60.287,87.739,0,0,6528.0,62,0.04
2000-09-22 12:18:11.420,-86.96,-54.095,635.33,1.96,0.29,7.206,60.287,60.287,87.717,0,0,5760.0,62,0.0399
2000-09-22 12:18:12.560,-86.935,-54.163,635.42,1.963,0.291,7.209,60.285,60.285,87.603,0,0,5760.0,62,0.0397
2000-09-22 12:18:12.780,-86.931,-54.176,635.437,1.964,0.291,7.209,60.285,60.285,87.58,0,0,6016.0,62,0.0396
2000-09-24 10:43:29.000,-66.133,-56.531,643.527,2.09,0.266,6.561,60.628,60.628,87.717,0,0,3648.0,63,0.0332
2000-09-30 10:43:54.920,-80.562,-52.06,650.743,1.843,0.268,5.994,60.064,60.064,87.546,0,0,1248.0,64,0.0483
2000-10-05 10:44:42.420,-91.355,-51.261,655.021,1.838,0.286,5.561,59.727,59.727,87.403,0,0,4992.0,65,0.0481
2000-10-09 01:04:35.820,41.649,-35.075,646.649,2.075,0.251,3.256,64.474,64.474,86.685,1,0,1120.0,66,0.0345
2000-10-10 01:05:24.720,40.055,-37.995,648.879,2.248,0.25,3.076,64.52,64.52,88.751,1,0,376.0,67,0.0272
2000-10-10 01:05:27.740,40.086,-38.177,648.975,2.26,0.25,3.073,64.497,64.497,88.883,1,0,376.0,68,0.0267
2000-10-10 01:06:11.640,40.556,-40.814,650.287,2.444,0.255,3.021,64.142,64.142,87.843,1,0,1568.0,69,0.0212
2000-10-10 01:06:11.940,40.56,-40.832,650.296,2.445,0.255,3.021,64.14,64.14,87.821,1,0,1632.0,69,0.0211
2000-10-21 05:57:25.020,-50.473,-55.037,629.655,2.105,0.245,2.61,61.954,61.954,94.152,1,0,4224.0,70,0.0328
2000-10-21 05:57:25.280,-50.466,-55.052,629.646,2.106,0.245,2.61,61.953,61.953,94.217,1,0,4224.0,70,0.0328
2000-10-21 05:57:25.580,-50.459,-55.07,629.636,2.107,0.245,2.61,61.951,61.951,94.292,1,0,4480.0,70,0.0327
2000-10-21 05:57:25.840,-50.453,-55.086,629.626,2.107,0.245,2.611,61.95,61.95,94.357,1,0,4480.0,70,0.0327
2000-10-21 05:57:26.100,-50.447,-55.101,629.617,2.108,0.245,2.611,61.949,61.949,94.422,1,0,4224.0,70,0.0326
2000-10-22 05:57:06.520,-52.571,-54.773,626.521,2.072,0.246,2.52,61.92,61.92,90.442,1,0,2112.0,71,0.0345
2000-10-24 07:32:55.960,-80.084,-56.256,618.34,2.059,0.289,3.083,60.826,60.826,91.69,0,0,1440.0,72,0.0346
2000-10-24 07:32:56.200,-80.078,-56.27,618.33,2.059,0.289,3.083,60.826,60.826,91.674,0,0,1568.0,72,0.0346
2000-10-24 07:32:56.420,-80.073,-56.284,618.32,2.06,0.289,3.084,60.827,60.827,91.658,0,0,1504.0,72,0.0345
2000-10-24 07:32:56.800,-80.064,-56.306,618.303,2.061,0.289,3.084,60.827,60.827,91.632,0,0,1568.0,72,0.0344
2000-10-27 05:56:00.100,-61.885,-56.262,607.408,2.081,0.263,2.149,61.729,61.729,82.604,0,0,1760.0,73,0.0338
2000-10-27 05:56:00.360,-61.879,-56.278,607.395,2.082,0.263,2.15,61.728,61.728,82.753,0,0,1760.0,73,0.0337
2000-10-27 05:56:00.620,-61.872,-56.293,607.383,2.083,0.263,2.15,61.728,61.728,82.902,0,0,1760.0,73,0.0337
2000-11-21 19:53:28.240,29.331,-35.124,526.567,2.042,0.235,21.242,69.435,69.435,93.3,1,0,1120.0,74,0.0364
2000-11-21 19:53:28.580,29.335,-35.145,526.558,2.043,0.235,21.242,69.434,69.434,93.378,1,0,1120.0,74,0.0363
2000-12-01 22:57:14.740,-32.98,-50.936,512.748,2.089,0.231,19.951,66.879,66.879,92.383,1,0,2112.0,75,0.0339
2000-12-05 18:01:09.500,29.99,-40.407,508.743,2.332,0.242,19.24,69.336,69.336,92.959,1,0,164.0,76,0.0245
2000-12-05 18:01:09.820,29.993,-40.427,508.754,2.334,0.242,19.239,69.332,69.332,92.941,1,0,212.0,76,0.0245
2000-12-05 18:01:10.140,29.997,-40.447,508.765,2.335,0.242,19.239,69.329,69.329,92.924,1,0,156.0,76,0.0244
2000-12-05 18:01:10.420,30.0,-40.464,508.775,2.337,0.242,19.238,69.326,69.326,92.908,1,0,156.0,76,0.0244
2000-12-05 18:01:10.740,30.004,-40.484,508.786,2.338,0.242,19.238,69.322,69.322,92.891,1,0,122.0,76,0.0244
2000-12-08 17:54:39.440,23.511,-31.894,505.369,1.887,0.229,18.96,70.19,70.19,93.019,1,0,880.0,77,0.046
2000-12-08 17:54:39.840,23.514,-31.919,505.383,1.888,0.229,18.959,70.193,70.193,93.057,1,0,976.0,77,0.046
2000-12-08 17:54:40.040,23.516,-31.931,505.39,1.889,0.229,18.959,70.194,70.194,93.076,1,0,1008.0,77,0.0459
2000-12-08 17:54:40.260,23.518,-31.945,505.398,1.889,0.229,18.959,70.196,70.196,93.097,1,0,1120.0,77,0.0459
2000-12-08 17:54:40.460,23.52,-31.958,505.405,1.89,0.229,18.959,70.197,70.197,93.116,1,0,1120.0,77,0.0458
2000-12-08 17:54:40.660,23.521,-31.97,505.412,1.891,0.229,18.959,70.198,70.198,93.135,1,0,1184.0,77,0.0458
2000-12-08 17:54:40.880,23.523,-31.984,505.42,1.891,0.229,18.959,70.2,70.2,93.156,1,0,1184.0,77,0.0458
2000-12-08 17:54:41.080,23.525,-31.996,505.427,1.892,0.229,18.958,70.201,70.201,93.175,1,0,1248.0,77,0.0457
2000-12-08 17:54:41.280,23.527,-32.009,505.434,1.892,0.229,18.958,70.203,70.203,93.194,1,0,1184.0,77,0.0457
2000-12-08 17:54:41.660,23.53,-32.033,505.447,1.893,0.229,18.958,70.205,70.205,93.23,1,0,1056.0,77,0.0456
2000-12-08 17:55:24.480,23.918,-34.719,507.05,2.011,0.229,18.92,70.382,70.382,92.885,1,0,2016.0,78,0.038
2000-12-08 17:55:24.900,23.922,-34.745,507.066,2.013,0.229,18.919,70.383,70.383,92.86,1,0,2112.0,78,0.0379
2000-12-08 17:55:25.160,23.924,-34.761,507.077,2.013,0.229,18.919,70.383,70.383,92.845,1,0,2240.0,78,0.0379
2000-12-08 17:55:25.640,23.929,-34.792,507.096,2.015,0.229,18.919,70.384,70.384,92.816,1,0,2240.0,78,0.0378
2000-12-08 17:55:26.340,23.935,-34.835,507.123,2.017,0.229,18.918,70.385,70.385,92.775,1,0,2112.0,78,0.0377
2000-12-17 16:06:48.420,33.116,-36.662,523.515,2.128,0.242,17.679,68.876,68.876,92.796,1,0,1568.0,79,0.0322
2000-12-23 03:38:35.740,16.23,-37.169,638.335,2.125,0.214,3.903,67.667,67.667,91.778,1,0,5248.0,80,0.0321
2000-12-30 15:46:21.720,11.935,-38.636,569.827,2.164,0.216,15.818,69.149,69.149,92.952,1,0,976.0,81,0.0307
2000-12-30 15:46:22.000,11.938,-38.653,569.854,2.164,0.216,15.817,69.149,69.149,92.983,1,0,1056.0,81,0.0307
2000-12-30 15:46:22.560,11.944,-38.688,569.91,2.166,0.216,15.817,69.148,69.148,93.044,1,0,976.0,81,0.0306
2000-12-30 15:46:22.820,11.947,-38.704,569.935,2.167,0.216,15.817,69.148,69.148,93.073,1,0,944.0,81,0.0306
2000-12-30 15:46:23.340,11.953,-38.736,569.987,2.168,0.216,15.816,69.148,69.148,93.073,1,0,880.0,81,0.0305
2001-02-08 21:17:24.440,13.722,-34.707,514.424,1.985,0.22,21.172,70.177,70.177,86.517,1,0,1440.0,82,0.0394
2001-02-08 21:17:24.920,13.727,-34.677,514.393,1.984,0.22,21.173,70.173,70.173,86.498,1,0,1696.0,82,0.0394
2001-02-08 21:17:25.140,13.729,-34.663,514.379,1.983,0.22,21.173,70.172,70.172,86.489,1,0,1632.0,82,0.0395
2001-02-28 07:11:45.840,16.021,-31.238,557.726,1.856,0.22,7.576,68.669,68.669,88.576,1,0,3264.0,83,0.0479
2001-03-24 07:49:43.160,-36.971,-52.849,515.369,2.124,0.238,4.655,66.216,66.216,88.211,1,0,392.0,84,0.0322
2001-03-25 02:56:35.780,31.101,-42.011,508.16,2.437,0.246,3.983,68.949,68.949,88.017,1,0,1568.0,85,0.0214
2001-03-25 02:56:36.100,31.105,-42.031,508.173,2.438,0.246,3.983,68.945,68.945,87.995,1,0,1632.0,85,0.0214
2001-03-25 02:56:36.380,31.109,-42.049,508.185,2.439,0.246,3.983,68.942,68.942,87.976,1,0,1568.0,85,0.0214
2001-03-25 02:56:37.060,31.117,-42.091,508.214,2.442,0.246,3.982,68.933,68.933,87.931,1,0,1568.0,85,0.0213
2001-04-04 02:25:29.020,16.161,-32.947,514.309,1.918,0.222,2.853,70.021,70.021,88.939,1,0,3392.0,86,0.0435
2001-04-08 00:39:07.780,36.239,-39.909,533.231,2.333,0.252,2.227,67.762,67.762,67.181,1,1,312.0,87,0.0245
2001-04-08 00:39:08.080,36.243,-39.927,533.257,2.335,0.252,2.227,67.758,67.758,67.153,1,1,392.0,87,0.0244
2001-04-08 00:39:08.380,36.246,-39.946,533.283,2.336,0.252,2.226,67.755,67.755,67.124,1,1,440.0,87,0.0244
2001-04-08 00:39:08.700,36.25,-39.966,533.31,2.337,0.252,2.226,67.751,67.751,67.094,1,1,360.0,87,0.0244
2001-04-08 00:39:09.000,36.253,-39.984,533.336,2.338,0.252,2.225,67.748,67.748,67.065,1,1,328.0,87,0.0243
2001-04-08 00:39:09.300,36.256,-40.003,533.362,2.339,0.253,2.225,67.745,67.745,67.037,1,1,280.0,87,0.0243
2001-04-12 00:23:27.580,29.528,-28.894,530.5,1.759,0.234,1.911,68.976,68.976,77.809,1,1,3136.0,88,0.0563
2001-04-12 00:24:33.740,30.075,-33.013,536.308,1.939,0.234,1.856,69.11,69.11,71.536,1,1,3008.0,89,0.0422
2001-04-12 00:24:33.960,30.077,-33.026,536.328,1.939,0.234,1.855,69.11,69.11,71.527,1,1,2880.0,89,0.0422
2001-04-12 00:24:34.420,30.081,-33.055,536.369,1.941,0.234,1.855,69.109,69.109,71.506,1,1,3264.0,89,0.0421
2001-04-12 00:24:34.660,30.083,-33.07,536.391,1.941,0.234,1.855,69.109,69.109,71.496,1,1,3264.0,89,0.0421
2001-04-25 07:45:57.740,-101.293,-54.593,615.182,2.08,0.325,1.87,60.729,60.729,58.457,0,1,344.0,90,0.0331
2001-04-25 22:03:01.920,37.666,-37.041,592.065,2.171,0.247,0.01,66.345,66.345,94.296,1,4,2880.0,91,0.0302
2001-04-25 22:03:04.780,37.694,-37.215,592.327,2.18,0.248,0.007,66.319,66.319,94.39,1,4,3520.0,91,0.0298
2001-04-25 22:03:05.080,37.697,-37.234,592.354,2.181,0.248,0.007,66.316,66.316,94.399,1,4,5504.0,91,0.0298
2001-04-25 22:03:05.360,37.7,-37.251,592.38,2.182,0.248,0.007,66.313,66.313,94.409,1,4,6016.0,91,0.0297
2001-04-25 22:03:05.660,37.703,-37.269,592.407,2.183,0.248,0.006,66.311,66.311,94.419,1,4,5760.0,91,0.0297
2001-04-25 22:03:05.940,37.706,-37.286,592.433,2.184,0.248,0.006,66.308,66.308,94.428,1,4,4736.0,91,0.0296
2001-04-25 22:03:06.180,37.708,-37.301,592.455,2.185,0.248,0.006,66.306,66.306,94.436,1,4,3776.0,91,0.0296
2001-05-22 18:43:45.860,30.605,-30.276,625.099,1.835,0.228,20.455,66.844,66.844,92.159,1,0,3776.0,92,0.0499
2001-05-22 18:43:46.040,30.607,-30.287,625.101,1.835,0.228,20.455,66.845,66.845,92.17,1,0,3520.0,92,0.0499
2001-08-30 04:59:17.680,32.678,-36.45,626.11,2.134,0.234,6.429,66.506,66.506,88.119,1,0,132.0,93,0.0318
2001-08-30 04:59:17.960,32.68,-36.467,626.12,2.135,0.234,6.429,66.504,66.504,88.147,1,0,110.0,93,0.0318
2001-10-21 22:34:31.380,19.515,-34.896,497.305,2.013,0.225,23.34,70.784,70.784,101.037,1,1,264.0,94,0.038
2001-10-21 22:34:31.620,19.517,-34.911,497.308,2.013,0.225,23.339,70.785,70.785,101.039,1,1,172.0,94,0.038
2001-10-21 22:34:31.860,19.519,-34.926,497.311,2.014,0.225,23.339,70.786,70.786,101.041,1,1,196.0,94,0.0379
2001-10-21 22:34:32.100,19.521,-34.941,497.314,2.015,0.225,23.339,70.787,70.787,101.043,1,1,180.0,94,0.0379
2001-11-10 01:16:01.540,-55.167,-52.741,542.194,1.924,0.246,21.448,64.186,64.186,91.643,1,0,976.0,95,0.0431
2001-11-10 01:16:02.040,-55.157,-52.772,542.238,1.925,0.246,21.449,64.182,64.182,91.707,1,0,1184.0,95,0.043
2001-11-10 01:16:02.260,-55.152,-52.785,542.258,1.926,0.246,21.449,64.18,64.18,91.735,1,0,1248.0,95,0.0429
2001-11-10 01:16:02.740,-55.142,-52.815,542.3,1.927,0.246,21.45,64.176,64.176,91.796,1,0,1184.0,95,0.0428
2001-11-14 10:40:31.900,-46.293,-49.263,618.792,1.876,0.221,7.654,63.369,63.369,86.978,1,0,4032.0,96,0.0466
2001-11-14 10:40:32.120,-46.289,-49.249,618.791,1.875,0.221,7.654,63.371,63.371,86.997,1,0,4224.0,96,0.0467
2001-11-14 10:40:32.820,-46.278,-49.207,618.788,1.873,0.221,7.655,63.378,63.378,87.056,1,0,4480.0,96,0.0468
2001-11-14 10:40:33.040,-46.274,-49.194,618.786,1.873,0.221,7.655,63.381,63.381,87.075,1,0,4480.0,96,0.0468
2001-11-23 04:51:27.320,26.531,-35.961,609.033,2.093,0.225,6.187,67.806,67.806,92.523,1,0,4032.0,97,0.0336
2001-11-26 04:30:44.940,26.819,-29.771,596.208,1.809,0.226,5.984,67.715,67.715,92.023,1,0,3776.0,98,0.0518
2001-11-26 04:30:45.560,26.824,-29.733,596.164,1.807,0.226,5.985,67.71,67.71,91.966,1,0,4224.0,98,0.052
2001-11-26 04:30:45.740,26.825,-29.722,596.152,1.807,0.226,5.986,67.709,67.709,91.949,1,0,4224.0,98,0.052
2001-11-26 04:30:46.120,26.828,-29.699,596.125,1.806,0.226,5.987,67.706,67.706,91.914,1,0,4032.0,98,0.0521
2001-11-29 00:31:28.420,-82.7,-54.175,606.702,1.944,0.285,19.433,61.101,61.101,92.144,0,0,440.0,99,0.0411
2001-11-29 00:31:28.880,-82.689,-54.202,606.733,1.946,0.285,19.434,61.1,61.1,92.175,0,0,424.0,99,0.041
2001-12-02 08:24:33.780,-52.277,-56.253,611.059,2.158,0.252,5.111,62.184,62.184,87.552,1,0,4480.0,100,0.0304
2001-12-13 20:59:49.320,-61.856,-50.976,620.922,1.821,0.238,16.683,61.841,61.841,92.152,1,0,408.0,101,0.0505
2001-12-24 00:51:47.860,23.124,-33.31,507.69,1.946,0.227,1.5,70.338,70.338,89.823,1,1,3264.0,102,0.0418
2001-12-24 00:51:49.060,23.135,-33.235,507.6,1.942,0.227,1.503,70.333,70.333,89.754,1,1,3392.0,102,0.042
2001-12-28 00:18:49.640,22.78,-34.902,499.91,2.015,0.228,0.84,70.655,70.655,86.184,1,1,784.0,103,0.0376
2002-01-25 20:02:18.660,27.0,-35.363,517.554,2.049,0.231,20.819,69.925,69.925,87.068,1,0,360.0,104,0.036
2002-01-25 20:02:19.300,27.006,-35.323,517.575,2.047,0.231,20.821,69.924,69.924,87.043,1,0,528.0,104,0.0361
2002-01-25 20:02:19.560,27.009,-35.307,517.583,2.046,0.231,20.821,69.924,69.924,87.032,1,0,656.0,104,0.0361
2002-01-25 20:02:19.800,27.011,-35.292,517.591,2.045,0.231,20.822,69.924,69.924,87.023,1,0,624.0,104,0.0362
2002-01-25 20:02:20.040,27.013,-35.277,517.599,2.045,0.231,20.823,69.923,69.923,87.013,1,0,560.0,104,0.0362
2002-01-25 20:02:20.500,27.018,-35.248,517.614,2.043,0.231,20.824,69.923,69.923,86.994,1,0,456.0,104,0.0363
2002-01-25 20:02:20.740,27.02,-35.233,517.622,2.043,0.231,20.825,69.922,69.922,86.985,1,0,456.0,104,0.0363
2002-01-29 09:22:40.900,10.623,-31.332,498.731,1.838,0.221,9.525,69.818,69.818,88.752,1,0,4992.0,105,0.0492
2002-02-05 08:15:04.080,13.428,-32.994,487.197,1.913,0.222,8.488,70.611,70.611,88.772,1,0,2240.0,106,0.044
2002-05-23 04:09:34.240,21.813,-31.949,543.917,1.896,0.224,5.122,69.349,69.349,91.136,1,0,1120.0,107,0.0454
2002-05-23 04:09:34.380,21.814,-31.94,543.922,1.895,0.224,5.123,69.348,69.348,91.128,1,0,1248.0,107,0.0454
2002-05-23 04:09:34.820,21.818,-31.913,543.938,1.894,0.224,5.124,69.343,69.343,91.1,1,0,1312.0,107,0.0455
2002-05-23 04:09:35.040,21.82,-31.899,543.945,1.893,0.224,5.124,69.341,69.341,91.086,1,0,1312.0,107,0.0455
2002-05-23 04:09:35.240,21.821,-31.887,543.953,1.893,0.224,5.125,69.339,69.339,91.074,1,0,1248.0,107,0.0456
2002-09-06 07:42:20.280,-55.114,-55.381,485.853,2.043,0.262,3.835,65.541,65.541,89.129,1,0,592.0,108,0.0358
2002-09-20 07:25:34.880,-77.899,-59.603,512.672,2.246,0.312,2.818,63.725,63.725,110.799,0,0,1184.0,109,0.0266
2002-09-20 07:25:35.200,-77.889,-59.623,512.695,2.247,0.312,2.819,63.724,63.724,110.987,0,0,1184.0,109,0.0265
2002-09-20 07:25:35.500,-77.88,-59.641,512.717,2.249,0.312,2.82,63.723,63.723,111.163,0,0,1248.0,109,0.0265
2002-09-20 07:25:35.800,-77.87,-59.659,512.739,2.251,0.312,2.82,63.723,63.723,111.338,0,0,1056.0,109,0.0264
2002-10-17 07:11:13.420,29.135,-34.148,555.27,1.998,0.231,8.833,68.786,68.786,91.45,1,0,296.0,110,0.0387
2002-10-17 07:11:13.860,29.139,-34.121,555.238,1.997,0.231,8.834,68.786,68.786,91.475,1,0,296.0,110,0.0388
2002-10-18 01:45:53.740,-54.254,-52.861,578.915,1.953,0.242,22.048,63.28,63.28,56.071,1,1,2016.0,111,0.0412
2002-10-18 01:45:54.220,-54.244,-52.89,578.941,1.954,0.242,22.049,63.276,63.276,56.047,1,1,2240.0,111,0.0411
2002-10-18 01:45:54.460,-54.239,-52.904,578.954,1.955,0.242,22.049,63.275,63.275,56.034,1,1,2240.0,111,0.0411
2002-10-18 01:45:54.940,-54.229,-52.933,578.981,1.956,0.242,22.05,63.271,63.271,56.009,1,1,2368.0,111,0.041
2002-10-18 01:45:55.160,-54.225,-52.947,578.993,1.957,0.242,22.05,63.27,63.27,55.997,1,1,2240.0,111,0.0409
2002-10-18 06:55:42.920,31.275,-32.573,550.385,1.924,0.234,8.756,68.614,68.614,91.773,1,0,440.0,112,0.0434
2002-10-18 06:55:43.360,31.279,-32.546,550.351,1.922,0.234,8.757,68.614,68.614,91.797,1,0,424.0,112,0.0435
2002-10-18 06:55:43.760,31.282,-32.521,550.32,1.921,0.234,8.758,68.614,68.614,91.818,1,0,344.0,112,0.0436
2002-11-16 15:57:43.680,25.972,-36.283,557.836,2.098,0.227,17.268,69.048,69.048,92.902,1,0,296.0,113,0.0334
2002-11-16 15:57:43.960,25.975,-36.3,557.831,2.099,0.227,17.268,69.047,69.047,92.884,1,0,360.0,113,0.0333
2002-11-16 15:57:44.260,25.978,-36.319,557.825,2.1,0.227,17.268,69.046,69.046,92.865,1,0,376.0,113,0.0333
2002-11-16 15:57:44.540,25.981,-36.336,557.819,2.101,0.227,17.267,69.045,69.045,92.848,1,0,488.0,113,0.0332
2002-11-16 15:57:45.060,25.986,-36.368,557.809,2.104,0.227,17.267,69.043,69.043,92.815,1,0,656.0,113,0.0332
2002-11-16 15:57:45.300,25.988,-36.383,557.804,2.105,0.227,17.267,69.042,69.042,92.8,1,0,624.0,113,0.0331
2002-11-16 15:57:45.560,25.991,-36.399,557.799,2.106,0.227,17.266,69.042,69.042,92.784,1,0,528.0,113,0.0331
2002-11-18 03:13:49.300,21.862,-34.65,473.284,2.001,0.228,4.176,71.375,71.375,92.374,1,0,376.0,114,0.0386
2002-11-19 07:37:48.880,-50.83,-49.915,483.314,1.822,0.235,4.382,66.56,66.56,81.364,1,0,1184.0,115,0.0506
2002-11-19 07:37:49.880,-50.812,-49.852,483.262,1.82,0.235,4.383,66.571,66.571,81.289,1,0,1504.0,115,0.0508
2002-11-19 07:37:50.060,-50.808,-49.841,483.253,1.819,0.235,4.383,66.573,66.573,81.276,1,0,1376.0,115,0.0508
2002-11-19 07:37:50.240,-50.805,-49.83,483.244,1.819,0.235,4.383,66.575,66.575,81.262,1,0,1312.0,115,0.0509
2002-11-19 07:37:50.440,-50.802,-49.818,483.233,1.818,0.235,4.384,66.577,66.577,81.247,1,0,1248.0,115,0.0509
2002-11-19 07:37:50.600,-50.799,-49.808,483.225,1.818,0.235,4.384,66.579,66.579,81.235,1,0,1120.0,115,0.0509
2002-12-08 00:48:24.760,16.983,-32.962,490.905,1.923,0.223,1.185,70.721,70.721,85.296,1,1,2624.0,116,0.0434
2002-12-08 00:48:24.980,16.985,-32.948,490.909,1.922,0.223,1.186,70.719,70.719,85.266,1,1,2624.0,116,0.0434
2002-12-14 02:11:41.920,-20.292,-47.621,500.839,2.156,0.221,23.864,68.655,68.655,89.285,1,0,2240.0,117,0.031
2002-12-14 02:11:42.200,-20.288,-47.604,500.845,2.156,0.221,23.864,68.657,68.657,89.315,1,0,2368.0,117,0.031
2002-12-14 02:11:42.720,-20.279,-47.571,500.858,2.154,0.221,23.865,68.662,68.662,89.372,1,0,2368.0,117,0.0311
2003-01-25 06:37:22.260,18.131,-24.554,519.664,1.611,0.229,7.352,68.145,68.145,86.812,1,0,1184.0,118,0.0724
2003-01-30 16:42:01.460,26.431,-32.422,545.089,1.912,0.228,17.661,69.239,69.239,86.012,1,0,1008.0,119,0.0439
2003-01-30 16:42:01.920,26.435,-32.393,545.055,1.911,0.228,17.662,69.237,69.237,85.982,1,0,1184.0,119,0.0439
2003-01-30 16:42:02.140,26.437,-32.38,545.039,1.911,0.228,17.662,69.236,69.236,85.967,1,0,1440.0,119,0.044
2003-01-30 16:42:02.360,26.438,-32.366,545.023,1.91,0.228,17.663,69.235,69.235,85.953,1,0,1440.0,119,0.044
2003-01-30 16:42:02.800,26.442,-32.339,544.992,1.909,0.228,17.664,69.234,69.234,85.924,1,0,1184.0,119,0.0441
2003-01-30 16:42:03.020,26.444,-32.325,544.976,1.908,0.228,17.665,69.233,69.233,85.909,1,0,1120.0,119,0.0441
2003-01-30 16:42:03.220,26.446,-32.313,544.961,1.908,0.228,17.665,69.232,69.232,85.896,1,0,976.0,119,0.0442
2003-01-30 16:42:03.440,26.448,-32.299,544.945,1.907,0.228,17.666,69.231,69.231,85.881,1,0,1056.0,119,0.0442
2003-01-30 16:42:08.380,26.49,-31.994,544.587,1.894,0.228,17.678,69.212,69.212,85.79,1,0,1760.0,120,0.0452
2003-01-30 16:42:08.780,26.493,-31.969,544.558,1.893,0.228,17.679,69.21,69.21,85.831,1,0,2240.0,120,0.0452
2003-01-30 16:42:09.020,26.495,-31.955,544.54,1.892,0.228,17.68,69.209,69.209,85.856,1,0,2016.0,120,0.0453
2003-01-30 16:42:09.260,26.497,-31.94,544.523,1.891,0.228,17.68,69.208,69.208,85.881,1,0,1888.0,120,0.0453
2003-01-30 16:42:09.460,26.499,-31.927,544.508,1.891,0.228,17.681,69.207,69.207,85.901,1,0,1632.0,120,0.0454
2003-04-21 18:47:43.900,16.037,-33.129,475.784,1.924,0.223,19.383,71.112,71.112,93.06,1,0,1312.0,121,0.0432
2003-04-21 18:47:44.620,16.044,-33.175,475.828,1.926,0.223,19.383,71.118,71.118,93.009,1,0,1440.0,121,0.0431
2003-04-24 10:20:00.380,-58.06,-49.612,560.127,1.775,0.234,6.194,63.887,63.887,81.842,1,0,944.0,122,0.0546
2003-04-24 10:20:00.400,-58.06,-49.611,560.127,1.775,0.234,6.194,63.887,63.887,81.843,1,0,1056.0,122,0.0546
2003-04-24 10:20:00.580,-58.057,-49.6,560.128,1.774,0.234,6.195,63.889,63.889,81.857,1,0,1120.0,122,0.0547
2003-04-24 10:20:00.600,-58.056,-49.599,560.129,1.774,0.234,6.195,63.889,63.889,81.859,1,0,560.0,122,0.0547
2003-04-28 18:03:00.320,12.835,-34.182,492.404,1.959,0.22,18.39,70.731,70.731,92.863,1,0,1440.0,123,0.0408
2003-04-30 03:39:29.760,33.516,-37.628,563.164,2.187,0.24,5.202,67.699,67.699,92.802,1,0,132.0,124,0.0295
2003-04-30 03:39:30.020,33.519,-37.612,563.158,2.186,0.24,5.203,67.7,67.7,92.785,1,0,148.0,124,0.0295
2003-04-30 03:39:31.040,33.529,-37.549,563.133,2.183,0.24,5.206,67.705,67.705,92.72,1,0,114.0,124,0.0297
2003-05-01 03:21:14.500,37.429,-31.116,559.942,1.851,0.244,5.352,67.371,67.371,92.375,1,0,1440.0,125,0.0485
2003-05-01 03:21:15.340,37.436,-31.064,559.915,1.849,0.244,5.354,67.37,67.37,92.452,1,0,1696.0,125,0.0486
2003-05-01 03:21:15.560,37.438,-31.051,559.907,1.848,0.244,5.354,67.369,67.369,92.473,1,0,1696.0,125,0.0487
2003-05-21 13:29:07.920,33.301,-33.357,550.212,1.959,0.238,14.892,68.31,68.31,91.928,1,0,172.0,126,0.041
2003-05-21 13:29:08.140,33.303,-33.371,550.225,1.96,0.238,14.892,68.309,68.309,91.921,1,0,148.0,126,0.041
2003-06-08 22:02:22.580,34.509,-37.24,478.852,2.149,0.248,23.897,69.712,69.712,83.418,1,1,122.0,127,0.0311
2003-06-08 22:02:22.840,34.512,-37.224,478.835,2.148,0.248,23.898,69.713,69.713,83.4,1,1,164.0,127,0.0312
2003-06-08 22:02:23.340,34.517,-37.192,478.803,2.146,0.248,23.899,69.716,69.716,83.366,1,1,188.0,127,0.0312
2003-06-08 22:02:23.580,34.519,-37.177,478.787,2.146,0.248,23.9,69.717,69.717,83.35,1,1,156.0,127,0.0313
2003-06-08 22:02:23.820,34.522,-37.162,478.772,2.145,0.248,23.901,69.719,69.719,83.334,1,1,156.0,127,0.0313
2003-06-08 22:02:24.060,34.525,-37.147,478.756,2.144,0.248,23.901,69.72,69.72,83.317,1,1,132.0,127,0.0313
2003-06-15 21:13:11.000,32.526,-35.825,466.722,2.071,0.244,22.978,70.48,70.48,94.635,1,1,280.0,128,0.035
2003-06-15 21:13:11.240,32.528,-35.81,466.711,2.071,0.244,22.979,70.481,70.481,94.62,1,1,196.0,128,0.035
2003-06-15 21:13:11.720,32.533,-35.78,466.69,2.069,0.244,22.98,70.483,70.483,94.59,1,1,148.0,128,0.0351
2003-06-15 21:13:24.480,32.659,-34.974,466.121,2.022,0.243,23.017,70.521,70.521,93.158,1,1,126.0,129,0.0373
2003-06-15 21:13:24.940,32.663,-34.945,466.101,2.021,0.243,23.018,70.522,70.522,93.123,1,1,164.0,129,0.0374
2003-06-15 21:13:25.160,32.666,-34.931,466.091,2.02,0.243,23.019,70.523,70.523,93.106,1,1,164.0,129,0.0374
2003-06-15 21:13:25.600,32.67,-34.903,466.072,2.019,0.243,23.02,70.524,70.524,93.072,1,1,196.0,129,0.0375
2003-06-15 21:13:25.820,32.672,-34.889,466.062,2.018,0.243,23.021,70.524,70.524,93.055,1,1,180.0,129,0.0375
2003-07-15 17:08:11.940,32.058,-31.862,505.786,1.878,0.238,18.609,69.599,69.599,87.089,1,0,1248.0,130,0.0463
2003-07-15 17:08:12.120,32.059,-31.851,505.79,1.878,0.238,18.609,69.598,69.598,87.102,1,0,1184.0,130,0.0464
2003-08-05 10:58:21.320,-80.092,-58.067,501.891,2.141,0.309,5.81,64.027,64.027,107.194,0,0,1248.0,131,0.0307
2003-08-05 10:58:21.860,-80.077,-58.1,501.93,2.143,0.309,5.811,64.026,64.026,107.615,0,0,1312.0,131,0.0306
2003-08-05 10:58:22.120,-80.069,-58.116,501.949,2.144,0.309,5.811,64.025,64.025,107.817,0,0,1248.0,131,0.0306
2003-09-14 06:14:14.020,-92.897,-57.502,560.444,2.183,0.325,0.912,62.231,62.231,80.994,0,1,196.0,132,0.0286
2003-10-04 05:39:19.800,33.924,-38.238,462.413,2.201,0.249,7.337,70.159,70.159,92.704,1,0,140.0,133,0.029
2003-10-04 05:39:20.080,33.927,-38.22,462.404,2.2,0.249,7.338,70.161,70.161,92.684,1,0,118.0,133,0.029
2003-10-04 05:39:20.340,33.93,-38.204,462.396,2.199,0.249,7.339,70.162,70.162,92.665,1,0,102.0,133,0.029
2003-10-13 10:10:01.800,-58.36,-54.695,469.499,1.98,0.263,6.483,65.943,65.943,107.569,1,0,488.0,134,0.0392
2003-10-13 10:10:02.040,-58.355,-54.68,469.495,1.979,0.263,6.483,65.945,65.945,107.415,1,0,504.0,134,0.0393
2003-10-13 10:10:02.280,-58.349,-54.666,469.492,1.978,0.263,6.483,65.947,65.947,107.26,1,0,472.0,134,0.0393
2003-10-14 18:52:49.400,6.536,-37.629,493.017,2.071,0.216,18.785,70.85,70.85,93.712,1,0,1120.0,135,0.0347
2003-10-16 09:04:34.940,-47.445,-52.949,471.364,1.996,0.246,5.873,66.784,66.784,85.284,1,0,1184.0,136,0.0387
2003-10-16 09:04:35.160,-47.44,-52.936,471.363,1.995,0.246,5.873,66.786,66.786,85.227,1,0,1184.0,136,0.0387
2003-10-16 09:04:35.840,-47.426,-52.893,471.36,1.993,0.245,5.874,66.793,66.793,85.05,1,0,1056.0,136,0.0388
2003-10-20 04:33:03.240,18.433,-31.7,480.016,1.872,0.225,5.462,70.87,70.87,91.796,1,0,1440.0,137,0.047
2003-10-22 05:23:50.380,1.7,-30.549,485.29,1.773,0.218,5.228,69.515,69.515,91.489,1,0,5248.0,138,0.0546
2003-10-25 16:24:29.480,20.308,-35.804,469.477,2.054,0.226,17.348,71.616,71.616,93.373,1,0,2880.0,139,0.0358
2003-10-25 16:24:29.760,20.311,-35.821,469.476,2.055,0.226,17.347,71.616,71.616,93.356,1,0,3136.0,139,0.0358
2003-10-25 16:24:30.020,20.313,-35.838,469.475,2.055,0.226,17.347,71.617,71.617,93.339,1,0,3008.0,139,0.0358
2003-10-25 16:24:30.320,20.316,-35.857,469.474,2.056,0.226,17.347,71.618,71.618,93.321,1,0,3136.0,139,0.0357
2003-10-25 16:24:30.840,20.322,-35.889,469.472,2.058,0.226,17.346,71.619,71.619,93.288,1,0,3136.0,139,0.0356
2003-10-26 16:03:41.920,24.595,-40.621,468.019,2.314,0.234,17.136,71.068,71.068,92.74,1,0,236.0,140,0.0251
2003-11-05 00:12:46.400,50.031,-32.91,520.414,1.937,0.284,2.923,66.136,66.136,87.399,0,0,912.0,141,0.0423
2003-11-05 00:12:46.640,50.033,-32.895,520.419,1.936,0.284,2.923,66.136,66.136,87.402,0,0,1008.0,141,0.0423
2003-11-05 00:12:46.880,50.035,-32.88,520.425,1.936,0.284,2.924,66.135,66.135,87.404,0,0,912.0,141,0.0424
2003-11-08 00:40:13.340,36.769,-33.155,527.718,1.943,0.246,2.54,68.259,68.259,92.395,1,0,528.0,142,0.042
2003-11-08 00:40:13.560,36.771,-33.141,527.722,1.942,0.246,2.541,68.258,68.258,92.398,1,0,784.0,142,0.042
2003-11-08 00:40:13.780,36.773,-33.128,527.726,1.942,0.246,2.541,68.258,68.258,92.401,1,0,816.0,142,0.042
2003-11-08 00:40:14.200,36.777,-33.101,527.733,1.94,0.246,2.542,68.258,68.258,92.407,1,0,720.0,142,0.0421
2003-11-08 00:40:14.400,36.779,-33.089,527.737,1.94,0.246,2.543,68.258,68.258,92.41,1,0,504.0,142,0.0422
2003-11-08 00:40:14.620,36.781,-33.075,527.741,1.939,0.246,2.543,68.258,68.258,92.413,1,0,392.0,142,0.0422
2003-11-08 00:40:14.820,36.782,-33.063,527.745,1.939,0.246,2.544,68.258,68.258,92.416,1,0,312.0,142,0.0423
2003-11-08 00:40:16.260,36.795,-32.974,527.771,1.934,0.246,2.548,68.257,68.257,92.437,1,0,228.0,142,0.0425
2003-11-08 00:40:19.580,36.824,-32.768,527.832,1.925,0.246,2.556,68.255,68.255,92.51,1,0,312.0,143,0.0432
2003-11-08 00:40:20.000,36.828,-32.742,527.84,1.924,0.246,2.558,68.255,68.255,92.523,1,0,504.0,143,0.0433
2003-11-08 00:40:20.220,36.83,-32.728,527.844,1.923,0.246,2.558,68.255,68.255,92.53,1,0,488.0,143,0.0433
2003-11-08 00:40:20.420,36.832,-32.716,527.847,1.922,0.246,2.559,68.255,68.255,92.536,1,0,592.0,143,0.0434
2003-11-08 00:40:20.620,36.833,-32.703,527.851,1.922,0.246,2.559,68.254,68.254,92.542,1,0,488.0,143,0.0434
2003-11-08 00:40:20.800,36.835,-32.692,527.854,1.921,0.246,2.56,68.254,68.254,92.548,1,0,392.0,143,0.0435
2003-11-13 06:35:22.960,-68.693,-52.834,533.968,1.859,0.261,2.562,63.631,63.631,99.977,0,0,6272.0,144,0.0473
2003-11-13 06:35:23.020,-68.692,-52.831,533.969,1.859,0.261,2.563,63.631,63.631,99.954,0,0,6784.0,144,0.0473
2003-11-13 06:35:23.780,-68.676,-52.784,533.985,1.856,0.261,2.563,63.634,63.634,99.652,0,0,7808.0,144,0.0475
2003-11-13 06:35:23.980,-68.672,-52.772,533.989,1.856,0.261,2.563,63.635,63.635,99.572,0,0,8064.0,144,0.0475
2003-11-13 06:35:24.160,-68.668,-52.761,533.993,1.855,0.261,2.563,63.636,63.636,99.501,0,0,8064.0,144,0.0476
2003-11-13 06:35:24.540,-68.661,-52.738,534.001,1.853,0.261,2.564,63.637,63.637,99.35,0,0,8064.0,144,0.0477
2003-11-13 06:35:24.720,-68.657,-52.727,534.005,1.853,0.261,2.564,63.638,63.638,99.278,0,0,8064.0,144,0.0477
2003-11-14 23:36:33.900,37.058,-37.751,540.944,2.199,0.25,1.307,67.576,67.576,88.605,1,1,1568.0,145,0.0291
2003-11-14 23:36:34.460,37.064,-37.717,540.948,2.197,0.25,1.308,67.578,67.578,88.576,1,1,1504.0,145,0.0291
2003-11-24 21:24:23.900,48.569,-40.664,551.546,2.457,0.287,23.696,65.328,65.328,86.937,0,1,296.0,146,0.0208
2003-11-26 22:16:20.780,33.808,-29.374,546.472,1.776,0.238,23.948,68.222,68.222,85.235,1,1,784.0,147,0.0548
2003-11-26 22:16:21.820,33.816,-29.31,546.439,1.773,0.238,23.95,68.218,68.218,85.209,1,1,784.0,147,0.0551
2003-11-27 21:50:32.040,35.902,-39.851,551.717,2.33,0.249,23.336,67.288,67.288,90.627,1,1,440.0,148,0.0245
2003-11-27 21:51:42.420,36.629,-35.521,549.653,2.069,0.246,23.545,67.617,67.617,88.408,1,1,912.0,149,0.0347
2003-11-27 21:51:42.640,36.631,-35.507,549.646,2.068,0.246,23.546,67.617,67.617,88.4,1,1,1008.0,149,0.0347
2003-11-27 21:51:43.120,36.636,-35.478,549.631,2.067,0.246,23.547,67.619,67.619,88.382,1,1,1184.0,149,0.0348
2003-11-27 21:51:43.360,36.638,-35.463,549.623,2.066,0.246,23.548,67.619,67.619,88.373,1,1,1248.0,149,0.0349
2003-11-27 21:51:43.600,36.641,-35.448,549.616,2.065,0.246,23.548,67.62,67.62,88.364,1,1,1184.0,149,0.0349
2003-11-27 21:51:43.820,36.643,-35.435,549.609,2.065,0.246,23.549,67.621,67.621,88.356,1,1,1184.0,149,0.0349
2003-11-27 21:51:44.040,36.645,-35.421,549.602,2.064,0.246,23.55,67.621,67.621,88.347,1,1,1184.0,149,0.035
2003-11-27 21:51:44.260,36.647,-35.407,549.595,2.063,0.246,23.55,67.622,67.622,88.339,1,1,1120.0,149,0.035
2003-11-27 21:51:44.920,36.653,-35.367,549.575,2.061,0.246,23.552,67.624,67.624,88.314,1,1,976.0,149,0.0351
2003-12-02 09:16:22.120,-130.387,41.864,487.461,2.2,0.402,0.526,64.909,64.909,87.019,0,4,1824.0,150,0.0284
2003-12-02 09:16:22.660,-130.38,41.897,487.442,2.202,0.403,0.526,64.91,64.91,87.069,0,4,1888.0,150,0.0283
2003-12-03 21:09:17.740,35.388,-32.22,541.302,1.902,0.242,22.837,68.18,68.18,91.343,1,1,1056.0,151,0.0448
2003-12-03 21:09:17.940,35.39,-32.208,541.292,1.901,0.242,22.838,68.18,68.18,91.342,1,1,944.0,151,0.0448
2003-12-03 21:09:51.040,35.663,-30.161,539.601,1.804,0.242,22.919,68.147,68.147,90.97,1,1,624.0,152,0.0521
2003-12-16 19:16:58.760,36.496,-31.258,512.23,1.848,0.246,21.05,68.725,68.725,87.03,1,0,456.0,153,0.0486
2003-12-16 19:17:12.940,36.613,-30.374,511.185,1.809,0.246,21.085,68.718,68.718,87.093,1,0,392.0,154,0.0519
2003-12-16 19:17:13.120,36.615,-30.363,511.172,1.809,0.246,21.086,68.718,68.718,87.084,1,0,456.0,154,0.0519
2003-12-18 18:30:24.860,43.946,-31.592,507.871,1.859,0.265,20.756,67.475,67.475,88.092,1,0,1184.0,155,0.0477
2003-12-18 18:30:24.920,43.946,-31.588,507.866,1.858,0.265,20.757,67.475,67.475,88.089,1,0,1376.0,155,0.0477
2003-12-18 18:30:25.080,43.948,-31.578,507.854,1.858,0.265,20.757,67.476,67.476,88.079,1,0,1568.0,155,0.0478
2003-12-18 18:30:25.300,43.95,-31.564,507.838,1.857,0.265,20.758,67.476,67.476,88.066,1,0,1888.0,155,0.0478
2003-12-18 18:30:25.520,43.952,-31.551,507.821,1.857,0.265,20.758,67.476,67.476,88.053,1,0,2496.0,155,0.0479
2003-12-18 18:30:25.720,43.953,-31.538,507.806,1.856,0.265,20.759,67.476,67.476,88.041,1,0,3648.0,155,0.0479
2003-12-18 18:30:25.940,43.955,-31.525,507.79,1.856,0.265,20.759,67.476,67.476,88.028,1,0,3520.0,155,0.048
2003-12-18 18:30:26.140,43.957,-31.512,507.775,1.855,0.265,20.76,67.477,67.477,88.016,1,0,3392.0,155,0.048
2003-12-18 18:30:26.340,43.958,-31.5,507.76,1.854,0.265,20.76,67.477,67.477,88.004,1,0,3264.0,155,0.0481
2003-12-18 18:30:26.520,43.96,-31.488,507.746,1.854,0.265,20.761,67.477,67.477,87.993,1,0,2240.0,155,0.0481
2003-12-18 18:30:26.720,43.962,-31.476,507.731,1.853,0.265,20.761,67.477,67.477,87.981,1,0,1888.0,155,0.0482
2003-12-18 18:30:26.920,43.963,-31.463,507.716,1.853,0.265,20.762,67.477,67.477,87.969,1,0,1376.0,155,0.0482
2003-12-18 18:30:27.100,43.965,-31.452,507.703,1.852,0.265,20.762,67.477,67.477,87.958,1,0,1312.0,155,0.0482
2003-12-18 18:30:27.300,43.967,-31.44,507.688,1.852,0.265,20.762,67.478,67.478,87.946,1,0,1056.0,155,0.0483
2004-01-01 06:12:55.980,29.189,-25.787,542.623,1.645,0.233,7.809,68.26,68.26,86.922,1,0,1440.0,156,0.0688
2004-01-01 06:12:56.300,29.191,-25.806,542.629,1.645,0.233,7.809,68.263,68.263,86.927,1,0,1504.0,156,0.0687
2004-01-01 06:13:11.260,29.297,-26.732,542.901,1.679,0.233,7.8,68.418,68.418,86.757,1,0,4224.0,157,0.0647
2004-01-01 06:13:11.300,29.298,-26.734,542.901,1.679,0.233,7.8,68.419,68.419,86.759,1,0,3648.0,157,0.0647
2004-01-01 17:47:10.940,26.124,-27.739,468.235,1.708,0.235,18.943,70.548,70.548,85.631,1,0,688.0,158,0.0613
2004-01-05 17:47:52.700,17.734,-26.679,460.693,1.675,0.231,18.389,70.218,70.218,85.716,1,0,4224.0,159,0.0646
2004-01-05 17:47:52.900,17.736,-26.666,460.683,1.675,0.231,18.389,70.215,70.215,85.734,1,0,4224.0,159,0.0646
2004-01-05 17:47:53.540,17.74,-26.625,460.651,1.674,0.231,18.391,70.206,70.206,85.701,1,0,4224.0,159,0.0648
2004-01-06 17:23:53.480,21.348,-28.36,460.764,1.737,0.231,18.211,70.795,70.795,85.191,1,0,6016.0,160,0.0584
2004-01-06 17:23:53.500,21.349,-28.359,460.763,1.737,0.231,18.211,70.795,70.795,85.19,1,0,6016.0,160,0.0584
2004-01-27 10:17:57.080,-77.599,-57.933,482.963,2.119,0.306,5.581,64.657,64.657,94.678,0,0,2880.0,161,0.0316
2004-01-27 10:17:57.340,-77.591,-57.949,482.959,2.12,0.306,5.581,64.657,64.657,94.855,0,0,3520.0,161,0.0315
2004-01-27 10:17:57.640,-77.582,-57.967,482.954,2.121,0.306,5.582,64.657,64.657,95.059,0,0,2880.0,161,0.0315
2004-01-27 10:17:57.880,-77.575,-57.982,482.951,2.122,0.306,5.582,64.657,64.657,95.222,0,0,2880.0,161,0.0315
2004-01-27 10:17:58.140,-77.568,-57.998,482.946,2.123,0.306,5.583,64.657,64.657,95.398,0,0,2496.0,161,0.0314
2004-01-29 14:37:54.740,14.923,-27.2,469.98,1.698,0.228,15.038,69.935,69.935,87.411,1,0,2624.0,162,0.0624
2004-01-30 02:40:49.620,21.897,-27.706,484.798,1.717,0.23,3.282,70.054,70.054,87.66,1,0,4224.0,163,0.0605
2004-01-31 02:18:42.720,26.638,-34.094,480.339,1.978,0.232,3.041,70.924,70.924,88.015,1,0,2240.0,164,0.0397
2004-02-13 00:17:04.920,29.701,-33.24,458.492,1.94,0.238,1.222,71.164,71.164,65.672,1,1,344.0,165,0.0425
2004-02-13 00:17:05.340,29.705,-33.266,458.497,1.941,0.238,1.221,71.163,71.163,65.664,1,1,376.0,165,0.0424
2004-02-13 00:17:05.540,29.707,-33.279,458.499,1.942,0.238,1.221,71.163,71.163,65.66,1,1,312.0,165,0.0423
2004-02-24 22:37:06.420,29.388,-32.196,458.176,1.889,0.237,23.655,71.173,71.173,97.658,1,1,376.0,166,0.0457
2004-02-27 23:00:53.840,18.661,-39.159,467.621,2.208,0.226,23.164,71.715,71.715,92.16,1,1,408.0,167,0.0288
2004-02-27 23:00:54.120,18.665,-39.177,467.637,2.209,0.226,23.164,71.714,71.714,92.158,1,1,328.0,167,0.0287
2004-02-28 22:35:05.120,21.641,-32.958,463.59,1.925,0.228,23.126,71.528,71.528,90.952,1,1,2880.0,168,0.0433
2004-02-28 22:35:05.340,21.643,-32.972,463.602,1.925,0.228,23.126,71.529,71.529,90.955,1,1,3136.0,168,0.0432
2004-02-28 22:35:06.100,21.65,-33.02,463.643,1.927,0.228,23.125,71.533,71.533,90.966,1,1,2496.0,168,0.0431
2004-07-28 00:57:41.160,30.875,-36.952,537.491,2.144,0.236,2.346,68.822,68.822,80.262,1,1,140.0,169,0.0315
2004-07-28 00:57:41.440,30.877,-36.97,537.494,2.145,0.236,2.345,68.82,68.82,80.262,1,1,164.0,169,0.0315
2004-08-09 08:31:16.540,-101.921,-56.626,511.731,2.19,0.347,2.478,63.602,63.602,51.883,0,1,204.0,170,0.0284
2004-08-09 08:31:16.820,-101.914,-56.643,511.724,2.191,0.347,2.479,63.603,63.603,51.862,0,1,228.0,170,0.0283
2004-08-15 05:57:05.220,-76.821,-54.442,497.182,1.918,0.285,1.087,64.317,64.317,68.66,0,1,1056.0,171,0.0427
2004-08-17 22:17:56.780,26.496,-35.561,496.602,2.057,0.231,23.488,70.534,70.534,100.746,1,1,3520.0,172,0.0356
2004-08-17 22:17:58.440,26.512,-35.665,496.567,2.062,0.231,23.486,70.53,70.53,100.784,1,1,4480.0,172,0.0354
2004-08-30 04:15:07.200,-80.995,-58.099,466.46,2.13,0.315,23.364,65.102,65.102,105.112,0,1,1056.0,173,0.0309
2004-08-30 04:15:07.460,-80.987,-58.115,466.461,2.131,0.315,23.364,65.102,65.102,105.125,0,1,1056.0,173,0.0309
2004-09-16 05:10:03.000,30.374,-32.54,514.605,1.912,0.235,6.679,69.617,69.617,86.676,1,0,376.0,174,0.0428
2004-09-16 05:10:03.460,30.378,-32.512,514.612,1.911,0.235,6.68,69.616,69.616,86.716,1,0,488.0,174,0.044
2004-09-16 09:48:23.280,-44.032,-49.217,510.461,1.882,0.227,6.463,66.47,66.47,78.659,1,0,1696.0,175,0.046
2004-09-16 09:48:24.460,-44.012,-49.144,510.485,1.88,0.227,6.464,66.482,66.482,78.76,1,0,2016.0,175,0.0462
2004-09-16 09:48:24.640,-44.009,-49.133,510.488,1.879,0.227,6.465,66.484,66.484,78.775,1,0,1888.0,175,0.0462
2004-09-20 05:01:37.260,24.785,-28.919,522.847,1.768,0.228,6.296,69.432,69.432,89.942,1,0,592.0,176,0.0557
2004-09-25 04:24:41.020,22.356,-34.694,530.024,2.015,0.223,5.387,70.032,70.032,90.433,1,0,2016.0,177,0.0378
2004-09-25 04:24:41.260,22.358,-34.68,530.023,2.014,0.223,5.388,70.031,70.031,90.452,1,0,2240.0,177,0.0378
2004-09-25 04:24:41.720,22.362,-34.651,530.023,2.013,0.223,5.389,70.029,70.029,90.489,1,0,2368.0,177,0.0379
2004-09-25 04:24:48.440,22.424,-34.235,530.007,1.994,0.223,5.407,70.003,70.003,90.197,1,0,2624.0,178,0.039
2004-09-25 04:25:08.260,22.602,-33.007,529.953,1.94,0.224,5.459,69.897,69.897,89.918,1,0,3648.0,179,0.0423
2004-11-09 22:30:36.980,15.303,-30.55,462.438,1.816,0.225,23.041,71.002,71.002,65.111,1,3,3392.0,180,0.0509
2004-11-14 06:26:23.620,-102.161,33.831,447.21,2.023,0.409,23.854,65.679,70.798,75.623,0,1,592.0,181,0.0355
2004-11-14 06:26:26.440,-102.135,34.01,447.309,2.035,0.41,23.855,65.687,70.772,75.963,0,1,1248.0,181,0.0349
2004-11-14 06:26:26.940,-102.13,34.041,447.326,2.038,0.41,23.855,65.688,70.768,76.022,0,1,1696.0,181,0.0348
2004-11-14 06:26:27.420,-102.125,34.072,447.343,2.04,0.41,23.855,65.69,70.765,76.079,0,1,1760.0,181,0.0347
2004-11-14 06:26:28.100,-102.119,34.115,447.367,2.044,0.41,23.855,65.692,70.76,76.16,0,1,1696.0,181,0.0345
2004-12-09 07:01:04.460,15.034,-26.961,472.125,1.69,0.228,7.898,69.868,69.868,87.871,1,0,6016.0,182,0.0632
2004-12-09 07:01:04.660,15.036,-26.973,472.121,1.69,0.228,7.898,69.872,69.872,87.885,1,0,6272.0,182,0.0631
2004-12-09 07:01:05.340,15.041,-27.016,472.109,1.692,0.228,7.898,69.883,69.883,87.925,1,0,6016.0,182,0.0629
2004-12-09 07:01:05.520,15.042,-27.027,472.106,1.692,0.228,7.898,69.886,69.886,87.933,1,0,6272.0,182,0.0629
2004-12-09 07:01:05.840,15.045,-27.048,472.1,1.693,0.228,7.897,69.892,69.892,87.948,1,0,6272.0,182,0.0628
2004-12-09 07:01:06.320,15.048,-27.078,472.092,1.694,0.228,7.897,69.9,69.9,87.97,1,0,6528.0,182,0.0627
2004-12-11 12:31:11.220,-64.583,-54.513,464.293,1.937,0.269,8.59,65.817,65.817,88.444,0,0,2240.0,183,0.0417
2004-12-12 05:42:04.380,30.069,-34.411,464.382,1.996,0.238,7.252,70.96,70.96,87.978,1,0,3648.0,184,0.0389
2004-12-12 05:42:04.620,30.072,-34.426,464.38,1.996,0.238,7.251,70.959,70.959,87.96,1,0,3520.0,184,0.0389
2004-12-12 05:42:05.720,30.082,-34.495,464.371,2.0,0.238,7.25,70.957,70.957,87.877,1,0,3392.0,184,0.0387
2004-12-12 17:11:30.200,26.218,-29.173,472.399,1.766,0.233,18.503,70.716,70.716,86.573,1,0,3008.0,185,0.0557
2004-12-17 05:00:18.240,29.381,-31.364,456.08,1.851,0.237,6.485,71.193,71.193,87.992,1,0,976.0,186,0.0485
2004-12-17 05:00:18.980,29.388,-31.411,456.079,1.853,0.237,6.485,71.196,71.196,88.049,1,0,1312.0,186,0.0483
2004-12-17 05:00:19.160,29.389,-31.422,456.079,1.853,0.237,6.484,71.196,71.196,88.038,1,0,2112.0,186,0.0483
2004-12-17 05:00:19.340,29.391,-31.434,456.079,1.854,0.237,6.484,71.197,71.197,88.023,1,0,1696.0,186,0.0482
2004-12-17 05:00:19.540,29.393,-31.446,456.079,1.854,0.237,6.484,71.197,71.197,88.007,1,0,1696.0,186,0.0482
2004-12-17 05:00:19.720,29.394,-31.458,456.078,1.855,0.237,6.484,71.198,71.198,87.993,1,0,1440.0,186,0.0482
2004-12-17 05:00:19.920,29.396,-31.471,456.078,1.855,0.237,6.484,71.198,71.198,87.976,1,0,1376.0,186,0.0481
2004-12-17 05:00:23.740,29.429,-31.712,456.075,1.865,0.237,6.48,71.21,71.21,87.666,1,0,1312.0,187,0.0473
2004-12-17 05:01:43.020,30.182,-36.727,456.185,2.111,0.24,6.403,71.055,71.055,87.246,1,0,312.0,188,0.0329
2005-01-24 23:54:36.980,25.663,-38.906,501.977,2.226,0.231,0.38,70.282,70.282,85.327,1,1,6528.0,189,0.028
2005-01-25 23:25:01.960,29.215,-30.862,495.156,1.834,0.234,0.358,70.154,70.154,83.949,1,1,2240.0,190,0.0496
2005-01-25 23:25:02.340,29.218,-30.886,495.183,1.835,0.234,0.358,70.155,70.155,84.017,1,1,2496.0,190,0.0495
2005-01-25 23:26:03.060,29.759,-34.681,499.425,2.012,0.235,0.302,70.081,70.081,85.491,1,1,1312.0,191,0.0378
2005-01-25 23:26:03.320,29.761,-34.697,499.443,2.013,0.235,0.302,70.08,70.08,85.466,1,1,1440.0,191,0.0378
2005-02-04 21:59:31.240,30.592,-35.453,520.065,2.054,0.235,22.934,69.404,69.404,114.98,1,1,656.0,192,0.0355
2005-02-04 21:59:31.480,30.594,-35.468,520.078,2.055,0.235,22.934,69.403,69.403,114.997,1,1,720.0,192,0.0354
2005-02-04 21:59:32.160,30.601,-35.51,520.115,2.057,0.235,22.933,69.398,69.398,115.043,1,1,816.0,192,0.0353
2005-02-04 21:59:32.840,30.607,-35.552,520.153,2.059,0.235,22.933,69.394,69.394,115.088,1,1,624.0,192,0.0352
2005-02-08 21:43:17.340,26.057,-34.656,524.772,2.014,0.228,22.418,69.895,69.895,61.11,1,1,2240.0,193,0.0377
2005-02-14 08:28:01.820,22.206,-32.148,477.085,1.889,0.227,9.292,71.119,71.119,90.581,1,0,2880.0,194,0.0454
2005-02-14 08:28:02.020,22.208,-32.136,477.071,1.888,0.227,9.292,71.117,71.117,90.564,1,0,2880.0,194,0.0455
2005-02-14 08:28:02.620,22.213,-32.098,477.03,1.887,0.227,9.294,71.113,71.113,90.515,1,0,2752.0,194,0.0456
2005-02-16 07:31:35.260,31.301,-36.192,477.024,2.087,0.24,8.787,70.356,70.356,92.153,1,0,236.0,195,0.034
2005-02-16 07:31:35.760,31.307,-36.16,476.989,2.086,0.24,8.789,70.359,70.359,92.114,1,0,392.0,195,0.0341
2005-02-16 07:31:36.000,31.309,-36.145,476.972,2.085,0.24,8.789,70.36,70.36,92.096,1,0,264.0,195,0.0341
2005-02-16 07:32:13.880,31.676,-33.764,474.365,1.963,0.24,8.896,70.475,70.475,92.089,1,0,376.0,196,0.0407
2005-02-16 07:32:14.460,31.681,-33.728,474.326,1.961,0.24,8.898,70.476,70.476,92.055,1,0,656.0,196,0.0408
2005-02-16 07:32:14.680,31.683,-33.714,474.311,1.96,0.24,8.898,70.476,70.476,92.036,1,0,848.0,196,0.0409
2005-02-17 20:41:09.360,21.463,-28.663,526.104,1.761,0.225,21.306,69.288,69.288,61.31,1,0,2240.0,197,0.0562
2005-02-18 20:13:17.140,26.251,-28.089,525.789,1.73,0.229,21.188,69.203,69.203,75.447,1,0,8064.0,198,0.0589
2005-02-23 19:30:32.040,27.925,-35.282,524.476,2.046,0.231,20.431,69.683,69.683,93.27,1,0,2112.0,199,0.036
2005-02-27 19:12:29.800,23.188,-31.37,519.402,1.864,0.225,19.96,69.953,69.953,94.375,1,0,3904.0,200,0.0473
2005-02-27 19:12:31.340,23.201,-31.466,519.402,1.868,0.225,19.958,69.966,69.966,94.452,1,0,4032.0,200,0.047
2005-03-01 18:17:51.140,33.459,-34.924,516.032,2.033,0.241,19.628,69.057,69.057,93.194,1,0,1056.0,201,0.0369
2005-03-07 08:04:25.320,-21.459,-51.25,457.732,2.307,0.232,5.668,69.289,69.289,80.911,1,0,376.0,202,0.0252
2005-03-07 08:04:25.920,-21.447,-51.212,457.706,2.306,0.232,5.67,69.297,69.297,80.981,1,0,328.0,202,0.0253
2005-03-07 08:04:26.240,-21.44,-51.192,457.693,2.305,0.232,5.67,69.301,69.301,81.017,1,0,328.0,202,0.0253
2005-03-08 06:09:06.360,11.898,-25.971,444.584,1.647,0.23,6.353,70.169,70.169,88.261,1,0,1056.0,203,0.0676
2005-03-08 06:09:06.520,11.899,-25.96,444.581,1.646,0.23,6.353,70.167,70.167,88.245,1,0,1120.0,203,0.0676
2005-03-08 06:09:06.840,11.901,-25.94,444.575,1.646,0.23,6.354,70.162,70.162,88.213,1,0,912.0,203,0.0677
2005-03-08 18:10:21.080,19.704,-30.823,502.979,1.838,0.224,18.764,70.248,70.248,92.28,1,0,4480.0,204,0.0492
2005-05-14 20:14:27.260,17.246,-29.297,504.782,1.781,0.223,21.171,69.787,69.787,89.478,1,0,1312.0,205,0.0542
2005-05-24 16:59:45.960,42.404,-41.272,495.552,2.448,0.274,18.954,67.538,67.538,87.379,0,0,132.0,206,0.0211
2005-05-30 17:17:30.440,26.483,-36.354,475.804,2.091,0.232,18.443,71.053,71.053,92.517,1,0,1824.0,207,0.0339
2005-05-30 17:17:30.700,26.486,-36.338,475.787,2.09,0.232,18.444,71.054,71.054,92.545,1,0,1952.0,207,0.0339
2005-05-30 17:17:30.960,26.488,-36.321,475.769,2.089,0.232,18.445,71.055,71.055,92.572,1,0,1952.0,207,0.0339
2005-05-30 17:17:31.220,26.491,-36.305,475.751,2.088,0.232,18.446,71.056,71.056,92.559,1,0,1696.0,207,0.034
2005-06-17 03:29:43.720,28.201,-32.522,506.259,1.911,0.232,4.841,70.084,70.084,89.019,1,0,456.0,208,0.044
2005-06-17 03:29:44.320,28.206,-32.56,506.253,1.913,0.232,4.84,70.086,70.086,88.979,1,0,472.0,208,0.0439
2005-06-18 10:58:15.340,-78.435,-58.089,497.454,2.138,0.305,5.864,64.199,64.199,93.795,0,0,264.0,209,0.0307
2005-06-18 10:58:15.840,-78.421,-58.12,497.443,2.14,0.305,5.865,64.199,64.199,94.038,0,0,312.0,209,0.0306
2005-06-18 10:58:16.340,-78.406,-58.15,497.433,2.142,0.306,5.866,64.199,64.199,94.336,0,0,296.0,209,0.0305
2005-06-19 13:59:04.340,33.722,-38.131,448.112,2.193,0.249,15.167,70.572,70.572,88.91,1,0,148.0,210,0.0293
2005-06-19 13:59:04.620,33.725,-38.113,448.103,2.192,0.249,15.168,70.573,70.573,88.929,1,0,424.0,210,0.0294
2005-06-19 13:59:04.880,33.728,-38.097,448.094,2.191,0.249,15.169,70.575,70.575,88.947,1,0,504.0,210,0.0294
2005-06-19 13:59:05.120,33.73,-38.082,448.086,2.19,0.249,15.17,70.576,70.576,88.955,1,0,344.0,210,0.0295
2005-08-20 10:37:39.820,-50.956,-52.367,528.674,1.957,0.24,6.705,65.0,65.0,80.72,1,0,752.0,211,0.041
2005-08-26 04:37:19.900,30.458,-41.548,514.135,2.407,0.242,5.731,68.889,68.889,91.965,1,0,4992.0,212,0.0222
2005-08-26 04:37:20.200,30.462,-41.53,514.119,2.406,0.242,5.732,68.892,68.892,92.0,1,0,6528.0,212,0.0223
2005-08-26 04:37:20.500,30.466,-41.511,514.102,2.405,0.242,5.733,68.895,68.895,92.034,1,0,6016.0,212,0.0223
2005-08-26 04:37:20.800,30.469,-41.492,514.085,2.404,0.242,5.734,68.897,68.897,92.069,1,0,4736.0,212,0.0223
2005-08-26 04:37:21.080,30.473,-41.475,514.069,2.403,0.242,5.735,68.9,68.9,92.101,1,0,3904.0,212,0.0224
2005-08-26 04:37:21.940,30.483,-41.422,514.021,2.399,0.242,5.738,68.908,68.908,92.2,1,0,3264.0,212,0.0225
2005-08-26 04:37:22.240,30.487,-41.403,514.004,2.398,0.242,5.739,68.911,68.911,92.235,1,0,3392.0,212,0.0225
2005-08-26 04:37:22.520,30.49,-41.386,513.988,2.397,0.242,5.74,68.913,68.913,92.267,1,0,3264.0,212,0.0225
2005-08-26 04:37:22.800,30.494,-41.368,513.973,2.396,0.242,5.741,68.916,68.916,92.299,1,0,3136.0,212,0.0226
2005-08-27 04:07:52.120,35.498,-42.495,513.424,2.498,0.255,5.528,67.961,67.961,89.8,1,0,3392.0,213,0.0199
2005-08-27 04:07:52.420,35.502,-42.476,513.407,2.496,0.255,5.529,67.964,67.964,89.781,1,0,3520.0,213,0.0199
2005-08-27 04:07:52.740,35.506,-42.457,513.389,2.495,0.255,5.53,67.966,67.966,89.761,1,0,3520.0,213,0.0199
2005-08-27 04:08:25.280,35.901,-40.439,511.503,2.359,0.253,5.638,68.206,68.206,90.742,1,0,1184.0,214,0.0236
2005-08-27 04:08:26.440,35.914,-40.367,511.435,2.354,0.253,5.642,68.214,68.214,90.747,1,0,1056.0,214,0.0237
2005-09-01 03:17:00.500,38.963,-37.561,498.518,2.18,0.258,5.101,68.313,68.313,91.551,1,0,236.0,215,0.0297
2005-09-12 02:35:43.740,24.895,-42.304,478.107,2.416,0.235,3.415,70.511,70.511,87.656,1,0,560.0,216,0.022
2005-09-12 02:35:44.020,24.899,-42.286,478.088,2.415,0.235,3.416,70.514,70.514,87.674,1,0,592.0,216,0.022
2005-09-12 02:35:44.560,24.906,-42.252,478.051,2.413,0.235,3.418,70.52,70.52,87.71,1,0,624.0,216,0.0221
2005-09-12 02:35:44.840,24.91,-42.235,478.032,2.412,0.235,3.419,70.523,70.523,87.728,1,0,560.0,216,0.0221
2005-09-17 01:44:18.900,28.444,-37.567,462.53,2.155,0.237,2.961,71.067,71.067,87.881,1,0,2752.0,217,0.031
2005-09-17 01:44:19.140,28.447,-37.552,462.515,2.154,0.237,2.962,71.069,71.069,87.891,1,0,2496.0,217,0.031
2005-09-17 01:44:20.100,28.457,-37.492,462.456,2.151,0.237,2.964,71.074,71.074,87.922,1,0,2016.0,217,0.0311
2005-09-23 00:22:16.600,36.582,-36.743,451.992,2.119,0.254,2.151,70.082,70.082,110.165,1,1,456.0,218,0.0325
2005-09-29 06:44:11.500,-79.596,-58.31,460.738,2.144,0.313,2.113,65.307,65.307,135.018,0,0,172.0,219,0.0305
2005-10-05 03:48:36.760,-45.916,-53.735,452.645,2.057,0.248,0.474,67.382,67.382,115.686,1,1,1696.0,220,0.0353
2005-10-07 23:16:33.860,21.38,-36.847,446.744,2.1,0.227,0.114,72.252,72.252,93.002,1,1,2496.0,221,0.0334
2005-10-08 22:47:26.460,26.928,-35.351,447.143,2.033,0.234,0.039,71.798,71.798,91.49,1,1,528.0,222,0.0366
2005-10-08 22:47:27.540,26.938,-35.282,447.132,2.029,0.234,0.042,71.798,71.798,91.454,1,1,656.0,222,0.0368
2005-10-08 22:47:27.760,26.941,-35.268,447.13,2.029,0.234,0.043,71.799,71.799,91.447,1,1,592.0,222,0.0368
2005-10-08 22:47:28.400,26.947,-35.228,447.123,2.027,0.234,0.045,71.799,71.799,91.426,1,1,528.0,222,0.037
2005-10-08 22:47:37.780,27.038,-34.633,447.028,1.999,0.234,0.071,71.796,71.796,91.131,1,1,624.0,223,0.0385
2005-10-08 22:47:38.020,27.04,-34.618,447.026,1.999,0.234,0.072,71.796,71.796,91.124,1,1,752.0,223,0.0386
2005-10-08 22:47:38.240,27.042,-34.604,447.024,1.998,0.234,0.072,71.796,71.796,91.12,1,1,752.0,223,0.0386
2005-10-08 22:47:38.460,27.045,-34.59,447.021,1.997,0.234,0.073,71.795,71.795,91.115,1,1,752.0,223,0.0387
2005-10-08 22:47:38.660,27.047,-34.578,447.02,1.997,0.234,0.073,71.795,71.795,91.112,1,1,688.0,223,0.0387
2005-10-23 10:12:51.000,16.371,-32.777,451.666,1.909,0.224,11.117,71.822,71.822,89.82,1,0,656.0,224,0.0442
