,lon,lat,alt,L,B,MLT,losscone1,losscone2,pitch,SAA,att,counts,Beq
1998-05-11 10:23:50.720,-85.556,-56.079,692.983,2.085,0.291,5.134,58.904,58.904,89.68,0,0,296.0,0.033
1998-09-01 20:51:55.020,46.355,-38.496,606.724,2.299,0.272,23.23,64.488,64.488,103.687,0,1,1312.0,0.025
1998-10-03 18:30:45.740,18.056,-31.214,525.09,1.855,0.225,19.338,69.391,69.391,88.029,1,0,880.0,0.048
1998-10-06 05:32:02.120,39.189,-37.238,592.956,2.187,0.252,7.6,66.106,66.106,88.552,1,0,624.0,0.03
1998-10-13 04:46:42.840,35.188,-32.296,567.1,1.91,0.241,6.753,67.667,67.667,88.215,1,0,156.0,0.044
1998-10-16 10:03:44.420,-45.476,-51.181,543.656,1.933,0.235,6.953,64.996,64.996,88.523,1,0,2112.0,0.043
1998-10-20 10:34:50.560,-59.485,-55.86,534.511,2.039,0.266,6.925,63.799,63.799,88.34,0,0,360.0,0.036
1998-11-12 06:58:26.160,-53.364,-53.031,562.052,1.943,0.245,3.615,63.676,63.676,89.565,1,0,440.0,0.042
1998-11-19 23:50:39.560,33.264,-38.371,567.755,2.233,0.242,1.249,67.638,67.638,58.809,1,1,720.0,0.028
1998-11-24 22:50:32.260,37.969,-37.528,587.482,2.2,0.25,0.542,66.429,66.429,78.556,1,1,236.0,0.029
1998-11-30 21:56:53.680,38.519,-34.563,609.037,2.04,0.246,23.754,66.022,66.022,93.141,1,0,848.0,0.037
1998-12-20 19:31:02.260,34.401,-34.98,675.923,2.066,0.233,21.003,65.243,65.243,95.254,1,0,2880.0,0.035
1998-12-25 18:28:50.460,38.881,-30.488,677.61,1.846,0.239,20.398,64.48,64.48,91.935,1,0,3136.0,0.049
1999-01-06 16:41:06.320,41.941,-33.02,664.041,1.97,0.248,18.742,64.165,64.165,91.939,1,0,204.0,0.04
1999-01-15 08:31:41.720,-47.887,-46.836,529.38,1.735,0.222,5.064,65.786,65.786,85.689,1,0,3776.0,0.059
1999-01-16 08:37:03.800,-53.4,-52.733,533.013,1.925,0.246,4.918,64.504,64.504,84.017,1,0,656.0,0.043
1999-02-01 00:54:24.900,35.911,-32.75,549.554,1.93,0.244,2.224,67.969,67.969,91.642,1,0,312.0,0.043
1999-02-02 01:00:20.880,31.594,-36.345,550.656,2.112,0.238,1.942,68.486,68.486,91.524,1,0,1376.0,0.033
1999-02-18 05:58:08.760,-81.229,-53.502,602.544,1.896,0.281,0.844,61.228,61.228,118.529,0,1,312.0,0.044
1999-03-02 02:31:01.960,-51.444,-47.397,657.073,1.752,0.216,22.496,62.161,62.161,78.974,1,1,2752.0,0.057
1999-03-16 00:49:01.940,-56.447,-52.889,684.315,1.95,0.237,20.691,60.446,60.446,82.771,1,0,1056.0,0.041
1999-03-29 16:46:25.120,41.676,-34.383,641.636,2.035,0.251,18.776,64.669,64.669,88.893,1,0,328.0,0.037
1999-03-30 18:28:16.160,13.215,-37.955,642.997,2.148,0.213,18.575,67.456,67.456,88.004,1,0,1008.0,0.031
1999-08-30 20:50:08.560,25.087,-34.802,523.753,2.021,0.23,21.964,69.878,69.878,76.915,1,0,106.0,0.038
1999-09-29 21:47:54.700,-56.748,-54.189,616.495,1.998,0.248,18.006,61.935,61.935,86.989,1,0,424.0,0.038
1999-10-01 10:25:26.260,-45.591,-54.736,540.79,2.108,0.248,7.164,64.6,64.6,88.214,1,0,2368.0,0.033
1999-10-05 04:15:42.840,33.222,-35.519,527.588,2.065,0.242,5.955,68.85,68.85,88.448,1,0,296.0,0.035
1999-10-11 11:17:30.380,-79.122,-54.83,575.364,1.957,0.286,6.74,61.984,61.984,87.953,0,0,228.0,0.04
1999-10-21 08:56:04.120,-64.482,-53.842,616.221,1.934,0.255,5.082,61.516,61.516,87.616,0,0,560.0,0.042
1999-10-21 08:56:30.160,-63.894,-55.402,618.95,2.022,0.261,5.122,61.377,61.377,87.93,0,0,816.0,0.037
1999-10-27 07:50:14.340,-60.36,-53.517,640.021,1.948,0.247,4.174,61.19,61.19,88.77,1,0,560.0,0.041
1999-11-08 23:11:59.380,37.702,-34.686,653.722,2.049,0.241,1.077,65.12,65.12,70.461,1,1,188.0,0.036
1999-11-08 23:13:00.240,38.282,-38.344,658.226,2.268,0.246,1.013,64.628,64.628,71.536,1,1,114.0,0.027
1999-11-11 05:51:51.440,-61.948,-51.988,675.099,1.875,0.239,2.073,60.377,60.377,91.983,1,0,3392.0,0.046
1999-12-10 19:10:24.020,32.414,-32.517,621.688,1.936,0.232,20.704,66.803,66.803,88.515,1,0,312.0,0.043
1999-12-11 06:55:20.620,24.984,-29.868,514.254,1.801,0.231,8.391,69.624,69.624,87.33,1,0,504.0,0.053
1999-12-11 11:36:34.140,-54.57,-58.215,532.527,2.222,0.272,8.161,63.937,63.937,111.421,0,0,118.0,0.028
2000-01-13 05:51:13.400,-31.109,-48.057,599.376,2.006,0.217,3.027,65.209,65.209,67.79,1,100,3776.0,0.038
2000-01-13 05:51:51.060,-30.539,-45.771,601.478,1.927,0.212,3.083,65.468,65.468,138.911,1,100,1824.0,0.043
2000-01-17 01:21:33.520,31.911,-35.316,625.803,2.072,0.232,2.377,66.734,66.734,101.017,1,100,528.0,0.035
2000-04-07 03:35:39.360,21.567,-23.126,586.573,1.57,0.228,4.625,66.268,66.268,88.738,1,0,312.0,0.078
2000-04-18 09:00:28.460,-72.971,-57.504,527.95,2.094,0.293,4.363,63.405,63.405,87.536,0,0,880.0,0.033
2000-04-27 07:44:24.520,-72.921,-56.343,522.149,2.024,0.288,3.12,63.603,63.603,89.44,0,0,344.0,0.037
2000-05-31 19:57:35.040,26.196,-35.504,593.679,2.068,0.226,21.322,68.174,68.174,91.816,1,0,1312.0,0.035
2000-06-08 18:32:36.820,29.701,-28.552,613.367,1.757,0.229,20.214,66.973,66.973,91.374,1,0,220.0,0.056
2000-06-14 04:47:31.740,33.591,-38.368,609.857,2.247,0.239,6.236,66.552,66.552,92.559,1,0,122.0,0.027
2000-07-18 00:46:27.860,25.401,-33.576,510.393,1.96,0.23,1.944,70.153,70.153,83.409,1,1,720.0,0.041
2000-07-25 07:36:56.680,-80.562,35.732,582.842,2.386,0.394,2.222,61.786,74.722,119.09,0,0,360.0,0.022
2000-07-27 07:38:22.480,-85.545,33.36,587.377,2.187,0.386,1.806,61.491,71.865,126.979,0,1,504.0,0.028
2000-07-27 07:38:37.640,-85.411,34.283,588.668,2.261,0.39,1.82,61.52,71.6,127.897,0,1,944.0,0.026
2000-08-18 18:48:59.080,47.759,-41.008,597.373,2.492,0.281,21.107,64.34,64.34,83.469,0,0,1312.0,0.02
2000-08-18 18:49:51.000,48.325,-37.842,599.884,2.258,0.277,21.272,64.34,64.34,85.065,0,0,172.0,0.026
2000-08-22 03:11:49.980,-71.619,35.044,639.082,2.306,0.373,22.816,60.314,84.714,115.656,0,1,122.0,0.025
2000-08-26 07:13:51.780,39.291,-35.0,515.271,2.039,0.255,9.07,68.129,68.129,89.178,1,0,1248.0,0.036
2000-08-30 01:15:42.240,-76.356,-53.875,629.063,1.923,0.271,20.565,60.695,60.695,111.423,0,0,1568.0,0.043
2000-09-06 17:25:11.800,31.673,-32.704,648.224,1.945,0.229,18.979,66.317,66.317,87.359,1,0,1888.0,0.042
2000-09-10 22:08:19.780,-55.176,-56.587,655.33,2.164,0.253,18.393,60.879,60.879,89.322,0,0,976.0,0.03
2000-09-10 22:08:38.820,-54.714,-55.462,655.313,2.098,0.248,18.412,61.01,61.01,84.818,1,0,2112.0,0.033
2000-09-13 05:44:08.380,23.617,-29.077,561.02,1.779,0.226,6.879,68.395,68.395,88.124,1,0,2240.0,0.055
2000-09-15 04:09:40.120,43.871,-32.164,573.728,1.905,0.26,6.521,65.889,65.889,87.332,1,0,164.0,0.045
2000-09-17 15:53:48.620,32.212,-31.798,637.818,1.902,0.23,17.535,66.452,66.452,87.168,1,0,1952.0,0.045
2000-09-21 04:12:42.580,31.554,-35.854,603.604,2.097,0.233,5.721,67.255,67.255,87.876,1,0,1248.0,0.034
2000-09-22 12:18:10.980,-86.97,-54.068,635.296,1.958,0.29,7.205,60.287,60.287,87.762,0,0,6272.0,0.04
2000-09-24 10:43:29.000,-66.133,-56.531,643.527,2.09,0.266,6.561,60.628,60.628,87.717,0,0,3648.0,0.033
2000-09-30 10:43:54.920,-80.562,-52.06,650.743,1.843,0.268,5.994,60.064,60.064,87.546,0,0,1248.0,0.048
2000-10-05 10:44:42.420,-91.355,-51.261,655.021,1.838,0.286,5.561,59.727,59.727,87.403,0,0,4992.0,0.048
2000-10-09 01:04:35.820,41.649,-35.075,646.649,2.075,0.251,3.256,64.474,64.474,86.685,1,0,1120.0,0.034
2000-10-10 01:05:24.720,40.055,-37.995,648.879,2.248,0.25,3.076,64.52,64.52,88.751,1,0,376.0,0.027
2000-10-10 01:05:27.740,40.086,-38.177,648.975,2.26,0.25,3.073,64.497,64.497,88.883,1,0,376.0,0.027
2000-10-10 01:06:11.640,40.556,-40.814,650.287,2.444,0.255,3.021,64.142,64.142,87.843,1,0,1568.0,0.021
2000-10-21 05:57:25.020,-50.473,-55.037,629.655,2.105,0.245,2.61,61.954,61.954,94.152,1,0,4224.0,0.033
2000-10-22 05:57:06.520,-52.571,-54.773,626.521,2.072,0.246,2.52,61.92,61.92,90.442,1,0,2112.0,0.035
2000-10-24 07:32:55.960,-80.084,-56.256,618.34,2.059,0.289,3.083,60.826,60.826,91.69,0,0,1440.0,0.035
2000-10-27 05:56:00.100,-61.885,-56.262,607.408,2.081,0.263,2.149,61.729,61.729,82.604,0,0,1760.0,0.034
2000-11-21 19:53:28.240,29.331,-35.124,526.567,2.042,0.235,21.242,69.435,69.435,93.3,1,0,1120.0,0.036
2000-12-01 22:57:14.740,-32.98,-50.936,512.748,2.089,0.231,19.951,66.879,66.879,92.383,1,0,2112.0,0.034
2000-12-05 18:01:09.500,29.99,-40.407,508.743,2.332,0.242,19.24,69.336,69.336,92.959,1,0,164.0,0.025
2000-12-08 17:54:39.440,23.511,-31.894,505.369,1.887,0.229,18.96,70.19,70.19,93.019,1,0,880.0,0.046
2000-12-08 17:55:24.480,23.918,-34.719,507.05,2.011,0.229,18.92,70.382,70.382,92.885,1,0,2016.0,0.038
2000-12-17 16:06:48.420,33.116,-36.662,523.515,2.128,0.242,17.679,68.876,68.876,92.796,1,0,1568.0,0.032
2000-12-23 03:38:35.740,16.23,-37.169,638.335,2.125,0.214,3.903,67.667,67.667,91.778,1,0,5248.0,0.032
2000-12-30 15:46:21.720,11.935,-38.636,569.827,2.164,0.216,15.818,69.149,69.149,92.952,1,0,976.0,0.031
2001-02-08 21:17:24.440,13.722,-34.707,514.424,1.985,0.22,21.172,70.177,70.177,86.517,1,0,1440.0,0.039
2001-02-28 07:11:45.840,16.021,-31.238,557.726,1.856,0.22,7.576,68.669,68.669,88.576,1,0,3264.0,0.048
2001-03-24 07:49:43.160,-36.971,-52.849,515.369,2.124,0.238,4.655,66.216,66.216,88.211,1,0,392.0,0.032
2001-03-25 02:56:35.780,31.101,-42.011,508.16,2.437,0.246,3.983,68.949,68.949,88.017,1,0,1568.0,0.021
2001-04-04 02:25:29.020,16.161,-32.947,514.309,1.918,0.222,2.853,70.021,70.021,88.939,1,0,3392.0,0.043
2001-04-08 00:39:07.780,36.239,-39.909,533.231,2.333,0.252,2.227,67.762,67.762,67.181,1,1,312.0,0.024
2001-04-12 00:23:27.580,29.528,-28.894,530.5,1.759,0.234,1.911,68.976,68.976,77.809,1,1,3136.0,0.056
2001-04-12 00:24:33.740,30.075,-33.013,536.308,1.939,0.234,1.856,69.11,69.11,71.536,1,1,3008.0,0.042
2001-04-25 07:45:57.740,-101.293,-54.593,615.182,2.08,0.325,1.87,60.729,60.729,58.457,0,1,344.0,0.033
2001-04-25 22:03:01.920,37.666,-37.041,592.065,2.171,0.247,0.01,66.345,66.345,94.296,1,4,2880.0,0.03
2001-05-22 18:43:45.860,30.605,-30.276,625.099,1.835,0.228,20.455,66.844,66.844,92.159,1,0,3776.0,0.05
2001-08-30 04:59:17.680,32.678,-36.45,626.11,2.134,0.234,6.429,66.506,66.506,88.119,1,0,132.0,0.032
2001-10-21 22:34:31.380,19.515,-34.896,497.305,2.013,0.225,23.34,70.784,70.784,101.037,1,1,264.0,0.038
2001-11-10 01:16:01.540,-55.167,-52.741,542.194,1.924,0.246,21.448,64.186,64.186,91.643,1,0,976.0,0.043
2001-11-14 10:40:31.900,-46.293,-49.263,618.792,1.876,0.221,7.654,63.369,63.369,86.978,1,0,4032.0,0.047
2001-11-23 04:51:27.320,26.531,-35.961,609.033,2.093,0.225,6.187,67.806,67.806,92.523,1,0,4032.0,0.034
2001-11-26 04:30:44.940,26.819,-29.771,596.208,1.809,0.226,5.984,67.715,67.715,92.023,1,0,3776.0,0.052
2001-11-29 00:31:28.420,-82.7,-54.175,606.702,1.944,0.285,19.433,61.101,61.101,92.144,0,0,440.0,0.041
2001-12-02 08:24:33.780,-52.277,-56.253,611.059,2.158,0.252,5.111,62.184,62.184,87.552,1,0,4480.0,0.03
2001-12-13 20:59:49.320,-61.856,-50.976,620.922,1.821,0.238,16.683,61.841,61.841,92.152,1,0,408.0,0.05
2001-12-24 00:51:47.860,23.124,-33.31,507.69,1.946,0.227,1.5,70.338,70.338,89.823,1,1,3264.0,0.042
2001-12-28 00:18:49.640,22.78,-34.902,499.91,2.015,0.228,0.84,70.655,70.655,86.184,1,1,784.0,0.038
2002-01-25 20:02:18.660,27.0,-35.363,517.554,2.049,0.231,20.819,69.925,69.925,87.068,1,0,360.0,0.036
2002-01-29 09:22:40.900,10.623,-31.332,498.731,1.838,0.221,9.525,69.818,69.818,88.752,1,0,4992.0,0.049
2002-02-05 08:15:04.080,13.428,-32.994,487.197,1.913,0.222,8.488,70.611,70.611,88.772,1,0,2240.0,0.044
2002-05-23 04:09:34.240,21.813,-31.949,543.917,1.896,0.224,5.122,69.349,69.349,91.136,1,0,1120.0,0.045
2002-09-06 07:42:20.280,-55.114,-55.381,485.853,2.043,0.262,3.835,65.541,65.541,89.129,1,0,592.0,0.036
2002-09-20 07:25:34.880,-77.899,-59.603,512.672,2.246,0.312,2.818,63.725,63.725,110.799,0,0,1184.0,0.027
2002-10-17 07:11:13.420,29.135,-34.148,555.27,1.998,0.231,8.833,68.786,68.786,91.45,1,0,296.0,0.039
2002-10-18 01:45:53.740,-54.254,-52.861,578.915,1.953,0.242,22.048,63.28,63.28,56.071,1,1,2016.0,0.041
2002-10-18 06:55:42.920,31.275,-32.573,550.385,1.924,0.234,8.756,68.614,68.614,91.773,1,0,440.0,0.043
2002-11-16 15:57:43.680,25.972,-36.283,557.836,2.098,0.227,17.268,69.048,69.048,92.902,1,0,296.0,0.033
2002-11-18 03:13:49.300,21.862,-34.65,473.284,2.001,0.228,4.176,71.375,71.375,92.374,1,0,376.0,0.039
2002-11-19 07:37:48.880,-50.83,-49.915,483.314,1.822,0.235,4.382,66.56,66.56,81.364,1,0,1184.0,0.051
2002-12-08 00:48:24.760,16.983,-32.962,490.905,1.923,0.223,1.185,70.721,70.721,85.296,1,1,2624.0,0.043
2002-12-14 02:11:41.920,-20.292,-47.621,500.839,2.156,0.221,23.864,68.655,68.655,89.285,1,0,2240.0,0.031
2003-01-25 06:37:22.260,18.131,-24.554,519.664,1.611,0.229,7.352,68.145,68.145,86.812,1,0,1184.0,0.072
2003-01-30 16:42:01.460,26.431,-32.422,545.089,1.912,0.228,17.661,69.239,69.239,86.012,1,0,1008.0,0.044
2003-01-30 16:42:08.380,26.49,-31.994,544.587,1.894,0.228,17.678,69.212,69.212,85.79,1,0,1760.0,0.045
2003-04-21 18:47:43.900,16.037,-33.129,475.784,1.924,0.223,19.383,71.112,71.112,93.06,1,0,1312.0,0.043
2003-04-24 10:20:00.380,-58.06,-49.612,560.127,1.775,0.234,6.194,63.887,63.887,81.842,1,0,944.0,0.055
2003-04-28 18:03:00.320,12.835,-34.182,492.404,1.959,0.22,18.39,70.731,70.731,92.863,1,0,1440.0,0.041
2003-04-30 03:39:29.760,33.516,-37.628,563.164,2.187,0.24,5.202,67.699,67.699,92.802,1,0,132.0,0.029
2003-05-01 03:21:14.500,37.429,-31.116,559.942,1.851,0.244,5.352,67.371,67.371,92.375,1,0,1440.0,0.048
2003-05-21 13:29:07.920,33.301,-33.357,550.212,1.959,0.238,14.892,68.31,68.31,91.928,1,0,172.0,0.041
2003-06-08 22:02:22.580,34.509,-37.24,478.852,2.149,0.248,23.897,69.712,69.712,83.418,1,1,122.0,0.031
2003-06-15 21:13:11.000,32.526,-35.825,466.722,2.071,0.244,22.978,70.48,70.48,94.635,1,1,280.0,0.035
2003-06-15 21:13:24.480,32.659,-34.974,466.121,2.022,0.243,23.017,70.521,70.521,93.158,1,1,126.0,0.037
2003-07-15 17:08:11.940,32.058,-31.862,505.786,1.878,0.238,18.609,69.599,69.599,87.089,1,0,1248.0,0.046
2003-08-05 10:58:21.320,-80.092,-58.067,501.891,2.141,0.309,5.81,64.027,64.027,107.194,0,0,1248.0,0.031
2003-09-14 06:14:14.020,-92.897,-57.502,560.444,2.183,0.325,0.912,62.231,62.231,80.994,0,1,196.0,0.029
2003-10-04 05:39:19.800,33.924,-38.238,462.413,2.201,0.249,7.337,70.159,70.159,92.704,1,0,140.0,0.029
2003-10-13 10:10:01.800,-58.36,-54.695,469.499,1.98,0.263,6.483,65.943,65.943,107.569,1,0,488.0,0.039
2003-10-14 18:52:49.400,6.536,-37.629,493.017,2.071,0.216,18.785,70.85,70.85,93.712,1,0,1120.0,0.035
2003-10-16 09:04:34.940,-47.445,-52.949,471.364,1.996,0.246,5.873,66.784,66.784,85.284,1,0,1184.0,0.039
2003-10-20 04:33:03.240,18.433,-31.7,480.016,1.872,0.225,5.462,70.87,70.87,91.796,1,0,1440.0,0.047
2003-10-22 05:23:50.380,1.7,-30.549,485.29,1.773,0.218,5.228,69.515,69.515,91.489,1,0,5248.0,0.055
2003-10-25 16:24:29.480,20.308,-35.804,469.477,2.054,0.226,17.348,71.616,71.616,93.373,1,0,2880.0,0.036
2003-10-26 16:03:41.920,24.595,-40.621,468.019,2.314,0.234,17.136,71.068,71.068,92.74,1,0,236.0,0.025
2003-11-05 00:12:46.400,50.031,-32.91,520.414,1.937,0.284,2.923,66.136,66.136,87.399,0,0,912.0,0.042
2003-11-08 00:40:13.340,36.769,-33.155,527.718,1.943,0.246,2.54,68.259,68.259,92.395,1,0,528.0,0.042
2003-11-08 00:40:19.580,36.824,-32.768,527.832,1.925,0.246,2.556,68.255,68.255,92.51,1,0,312.0,0.043
2003-11-13 06:35:22.960,-68.693,-52.834,533.968,1.859,0.261,2.562,63.631,63.631,99.977,0,0,6272.0,0.047
2003-11-14 23:36:33.900,37.058,-37.751,540.944,2.199,0.25,1.307,67.576,67.576,88.605,1,1,1568.0,0.029
2003-11-24 21:24:23.900,48.569,-40.664,551.546,2.457,0.287,23.696,65.328,65.328,86.937,0,1,296.0,0.021
2003-11-26 22:16:20.780,33.808,-29.374,546.472,1.776,0.238,23.948,68.222,68.222,85.235,1,1,784.0,0.055
2003-11-27 21:50:32.040,35.902,-39.851,551.717,2.33,0.249,23.336,67.288,67.288,90.627,1,1,440.0,0.024
2003-11-27 21:51:42.420,36.629,-35.521,549.653,2.069,0.246,23.545,67.617,67.617,88.408,1,1,912.0,0.035
2003-12-02 09:16:22.120,-130.387,41.864,487.461,2.2,0.402,0.526,64.909,64.909,87.019,0,4,1824.0,0.028
2003-12-03 21:09:17.740,35.388,-32.22,541.302,1.902,0.242,22.837,68.18,68.18,91.343,1,1,1056.0,0.045
2003-12-03 21:09:51.040,35.663,-30.161,539.601,1.804,0.242,22.919,68.147,68.147,90.97,1,1,624.0,0.052
2003-12-16 19:16:58.760,36.496,-31.258,512.23,1.848,0.246,21.05,68.725,68.725,87.03,1,0,456.0,0.049
2003-12-16 19:17:12.940,36.613,-30.374,511.185,1.809,0.246,21.085,68.718,68.718,87.093,1,0,392.0,0.052
2003-12-18 18:30:24.860,43.946,-31.592,507.871,1.859,0.265,20.756,67.475,67.475,88.092,1,0,1184.0,0.048
2004-01-01 06:12:55.980,29.189,-25.787,542.623,1.645,0.233,7.809,68.26,68.26,86.922,1,0,1440.0,0.069
2004-01-01 06:13:11.260,29.297,-26.732,542.901,1.679,0.233,7.8,68.418,68.418,86.757,1,0,4224.0,0.065
2004-01-01 17:47:10.940,26.124,-27.739,468.235,1.708,0.235,18.943,70.548,70.548,85.631,1,0,688.0,0.061
2004-01-05 17:47:52.700,17.734,-26.679,460.693,1.675,0.231,18.389,70.218,70.218,85.716,1,0,4224.0,0.065
2004-01-06 17:23:53.480,21.348,-28.36,460.764,1.737,0.231,18.211,70.795,70.795,85.191,1,0,6016.0,0.058
2004-01-27 10:17:57.080,-77.599,-57.933,482.963,2.119,0.306,5.581,64.657,64.657,94.678,0,0,2880.0,0.032
2004-01-29 14:37:54.740,14.923,-27.2,469.98,1.698,0.228,15.038,69.935,69.935,87.411,1,0,2624.0,0.062
2004-01-30 02:40:49.620,21.897,-27.706,484.798,1.717,0.23,3.282,70.054,70.054,87.66,1,0,4224.0,0.061
2004-01-31 02:18:42.720,26.638,-34.094,480.339,1.978,0.232,3.041,70.924,70.924,88.015,1,0,2240.0,0.04
2004-02-13 00:17:04.920,29.701,-33.24,458.492,1.94,0.238,1.222,71.164,71.164,65.672,1,1,344.0,0.042
2004-02-24 22:37:06.420,29.388,-32.196,458.176,1.889,0.237,23.655,71.173,71.173,97.658,1,1,376.0,0.046
2004-02-27 23:00:53.840,18.661,-39.159,467.621,2.208,0.226,23.164,71.715,71.715,92.16,1,1,408.0,0.029
2004-02-28 22:35:05.120,21.641,-32.958,463.59,1.925,0.228,23.126,71.528,71.528,90.952,1,1,2880.0,0.043
2004-07-28 00:57:41.160,30.875,-36.952,537.491,2.144,0.236,2.346,68.822,68.822,80.262,1,1,140.0,0.032
2004-08-09 08:31:16.540,-101.921,-56.626,511.731,2.19,0.347,2.478,63.602,63.602,51.883,0,1,204.0,0.028
2004-08-15 05:57:05.220,-76.821,-54.442,497.182,1.918,0.285,1.087,64.317,64.317,68.66,0,1,1056.0,0.043
2004-08-17 22:17:56.780,26.496,-35.561,496.602,2.057,0.231,23.488,70.534,70.534,100.746,1,1,3520.0,0.036
2004-08-30 04:15:07.200,-80.995,-58.099,466.46,2.13,0.315,23.364,65.102,65.102,105.112,0,1,1056.0,0.031
2004-09-16 05:10:03.000,30.374,-32.54,514.605,1.912,0.235,6.679,69.617,69.617,86.676,1,0,376.0,0.043
2004-09-16 09:48:23.280,-44.032,-49.217,510.461,1.882,0.227,6.463,66.47,66.47,78.659,1,0,1696.0,0.046
2004-09-20 05:01:37.260,24.785,-28.919,522.847,1.768,0.228,6.296,69.432,69.432,89.942,1,0,592.0,0.056
2004-09-25 04:24:41.020,22.356,-34.694,530.024,2.015,0.223,5.387,70.032,70.032,90.433,1,0,2016.0,0.038
2004-09-25 04:24:48.440,22.424,-34.235,530.007,1.994,0.223,5.407,70.003,70.003,90.197,1,0,2624.0,0.039
2004-09-25 04:25:08.260,22.602,-33.007,529.953,1.94,0.224,5.459,69.897,69.897,89.918,1,0,3648.0,0.042
2004-11-09 22:30:36.980,15.303,-30.55,462.438,1.816,0.225,23.041,71.002,71.002,65.111,1,3,3392.0,0.051
2004-11-14 06:26:23.620,-102.161,33.831,447.21,2.023,0.409,23.854,65.679,70.798,75.623,0,1,592.0,0.036
2004-12-09 07:01:04.460,15.034,-26.961,472.125,1.69,0.228,7.898,69.868,69.868,87.871,1,0,6016.0,0.063
2004-12-11 12:31:11.220,-64.583,-54.513,464.293,1.937,0.269,8.59,65.817,65.817,88.444,0,0,2240.0,0.042
2004-12-12 05:42:04.380,30.069,-34.411,464.382,1.996,0.238,7.252,70.96,70.96,87.978,1,0,3648.0,0.039
2004-12-12 17:11:30.200,26.218,-29.173,472.399,1.766,0.233,18.503,70.716,70.716,86.573,1,0,3008.0,0.056
2004-12-17 05:00:18.240,29.381,-31.364,456.08,1.851,0.237,6.485,71.193,71.193,87.992,1,0,976.0,0.048
2004-12-17 05:00:23.740,29.429,-31.712,456.075,1.865,0.237,6.48,71.21,71.21,87.666,1,0,1312.0,0.047
2004-12-17 05:01:43.020,30.182,-36.727,456.185,2.111,0.24,6.403,71.055,71.055,87.246,1,0,312.0,0.033
2005-01-24 23:54:36.980,25.663,-38.906,501.977,2.226,0.231,0.38,70.282,70.282,85.327,1,1,6528.0,0.028
2005-01-25 23:25:01.960,29.215,-30.862,495.156,1.834,0.234,0.358,70.154,70.154,83.949,1,1,2240.0,0.05
2005-01-25 23:26:03.060,29.759,-34.681,499.425,2.012,0.235,0.302,70.081,70.081,85.491,1,1,1312.0,0.038
2005-02-04 21:59:31.240,30.592,-35.453,520.065,2.054,0.235,22.934,69.404,69.404,114.98,1,1,656.0,0.035
2005-02-08 21:43:17.340,26.057,-34.656,524.772,2.014,0.228,22.418,69.895,69.895,61.11,1,1,2240.0,0.038
2005-02-14 08:28:01.820,22.206,-32.148,477.085,1.889,0.227,9.292,71.119,71.119,90.581,1,0,2880.0,0.045
2005-02-16 07:31:35.260,31.301,-36.192,477.024,2.087,0.24,8.787,70.356,70.356,92.153,1,0,236.0,0.034
2005-02-16 07:32:13.880,31.676,-33.764,474.365,1.963,0.24,8.896,70.475,70.475,92.089,1,0,376.0,0.041
2005-02-17 20:41:09.360,21.463,-28.663,526.104,1.761,0.225,21.306,69.288,69.288,61.31,1,0,2240.0,0.056
2005-02-18 20:13:17.140,26.251,-28.089,525.789,1.73,0.229,21.188,69.203,69.203,75.447,1,0,8064.0,0.059
2005-02-23 19:30:32.040,27.925,-35.282,524.476,2.046,0.231,20.431,69.683,69.683,93.27,1,0,2112.0,0.036
2005-02-27 19:12:29.800,23.188,-31.37,519.402,1.864,0.225,19.96,69.953,69.953,94.375,1,0,3904.0,0.047
2005-03-01 18:17:51.140,33.459,-34.924,516.032,2.033,0.241,19.628,69.057,69.057,93.194,1,0,1056.0,0.037
2005-03-07 08:04:25.320,-21.459,-51.25,457.732,2.307,0.232,5.668,69.289,69.289,80.911,1,0,376.0,0.025
2005-03-08 06:09:06.360,11.898,-25.971,444.584,1.647,0.23,6.353,70.169,70.169,88.261,1,0,1056.0,0.068
2005-03-08 18:10:21.080,19.704,-30.823,502.979,1.838,0.224,18.764,70.248,70.248,92.28,1,0,4480.0,0.049
2005-05-14 20:14:27.260,17.246,-29.297,504.782,1.781,0.223,21.171,69.787,69.787,89.478,1,0,1312.0,0.054
2005-05-24 16:59:45.960,42.404,-41.272,495.552,2.448,0.274,18.954,67.538,67.538,87.379,0,0,132.0,0.021
2005-05-30 17:17:30.440,26.483,-36.354,475.804,2.091,0.232,18.443,71.053,71.053,92.517,1,0,1824.0,0.034
2005-06-17 03:29:43.720,28.201,-32.522,506.259,1.911,0.232,4.841,70.084,70.084,89.019,1,0,456.0,0.044
2005-06-18 10:58:15.340,-78.435,-58.089,497.454,2.138,0.305,5.864,64.199,64.199,93.795,0,0,264.0,0.031
2005-06-19 13:59:04.340,33.722,-38.131,448.112,2.193,0.249,15.167,70.572,70.572,88.91,1,0,148.0,0.029
2005-08-20 10:37:39.820,-50.956,-52.367,528.674,1.957,0.24,6.705,65.0,65.0,80.72,1,0,752.0,0.041
2005-08-26 04:37:19.900,30.458,-41.548,514.135,2.407,0.242,5.731,68.889,68.889,91.965,1,0,4992.0,0.022
2005-08-27 04:07:52.120,35.498,-42.495,513.424,2.498,0.255,5.528,67.961,67.961,89.8,1,0,3392.0,0.02
2005-08-27 04:08:25.280,35.901,-40.439,511.503,2.359,0.253,5.638,68.206,68.206,90.742,1,0,1184.0,0.024
2005-09-01 03:17:00.500,38.963,-37.561,498.518,2.18,0.258,5.101,68.313,68.313,91.551,1,0,236.0,0.03
2005-09-12 02:35:43.740,24.895,-42.304,478.107,2.416,0.235,3.415,70.511,70.511,87.656,1,0,560.0,0.022
2005-09-17 01:44:18.900,28.444,-37.567,462.53,2.155,0.237,2.961,71.067,71.067,87.881,1,0,2752.0,0.031
2005-09-23 00:22:16.600,36.582,-36.743,451.992,2.119,0.254,2.151,70.082,70.082,110.165,1,1,456.0,0.032
2005-09-29 06:44:11.500,-79.596,-58.31,460.738,2.144,0.313,2.113,65.307,65.307,135.018,0,0,172.0,0.03
2005-10-05 03:48:36.760,-45.916,-53.735,452.645,2.057,0.248,0.474,67.382,67.382,115.686,1,1,1696.0,0.035
2005-10-07 23:16:33.860,21.38,-36.847,446.744,2.1,0.227,0.114,72.252,72.252,93.002,1,1,2496.0,0.033
2005-10-08 22:47:26.460,26.928,-35.351,447.143,2.033,0.234,0.039,71.798,71.798,91.49,1,1,528.0,0.037
2005-10-08 22:47:37.780,27.038,-34.633,447.028,1.999,0.234,0.071,71.796,71.796,91.131,1,1,624.0,0.039
2005-10-23 10:12:51.000,16.371,-32.777,451.666,1.909,0.224,11.117,71.822,71.822,89.82,1,0,656.0,0.044
